Descrizione;Tipo;Parte edibile;Calories;Proteins;Glucids;Fat;Fiber;Iron;Calcium;Sodium;Potassium;Phosphorus;Zinc;Thiamine;Riboflavin;Niacine;VitC;VitB6;VitB9;VitA;VitE;VitD
ACCIUGHE o ALICI      ;P;75;96;16,8;1,5;2,6;0;2,8;148;104;278;196;1,5;0,06;0,26;14;0;0,14;9;32;0,29;11
ACCIUGHE o ALICI SOTTO SALE    ;P;50;128;25;0;3,1;0;6,9;542;3604;215;481;1,7;0,06;0,26;14;0;0,14;8;55;0,29;4,6
ACCIUGHE o ALICI SOTT'OLIO     ;P;100;206;25,9;0,2;11,3;0;1,3;44;480;700;351;2,2;0,06;0,2;6,5;0;0,18;8;58;0,31;5
ACETO        ;A;100;4;0,4;0,6;0;0;0,5;15;20;89;32;0,6;0;0;0;0;0;0;0;0;0
ACQUA        ;D;100;0;0;0;0;0;0;0;0;0;0;0;0;0;0;0;0;0;0;0;0
ACQUA TONICA       ;D;100;33;0;8,8;0;0;0;1;4;0;0;0;0;0;0;0;0;0;0;0;0
AGAR AGAR secco      ;A;100;16;1,6;0;1,2;81,1;20,6;760;110;110;50;14,4;0,01;0,22;0,2;0;0;0;0;0;0
AGLIO  fresco      ;A;75;41;0,9;8,4;0,6;2,3;1,5;14;2;347;63;0,6;0,14;0,02;1,3;5;0,21;3;0;0,01;0
AGLIO  in polvere     ;A;100;246;18,7;42,7;1,2;9,9;3,9;65;19;1360;220;2,6;0,47;0,12;0,7;0;0,99;0;0;0,03;0
AGNELLO        ;C;83;162;20,8;0;8,8;0;1,6;7;88;350;190;3,3;0,14;0,28;6;0;0,3;6;0;0,09;0,4
AGNELLO CARNE GRASSA      ;C;100;279;18;0;23;0;2;10;100;350;200;2;0,1;0,19;3,8;0;0,23;3;12;0,07;0,4
AGNELLO CARNE MAGRA      ;C;100;121;20;0;4,6;0;2;10;100;350;196;3,3;0,1;0,2;4,9;0;0,3;6;6;0,09;0,4
AGNELLO CARNE SEMIGRASSA      ;C;100;211;19;0;15;0;2;10;100;350;200;2,6;0,1;0,19;4;0;0,19;2;10;0,07;0,6
AGNELLO CORATELLA       ;C;100;110;15,7;1,2;4,7;0;8,8;9;103;290;282;2,8;0,45;2,04;10,3;18;0,36;92;7494;0,54;0,45
AGNELLO COSTOLETTE       ;C;77;386;14,6;0;36,3;0;1,2;7;60;230;130;1,9;0,09;0,16;3,9;0;0,34;11;0;0,07;0,4
AGRETTI        ;V;97;17;1,8;2,2;0,2;2,3;1,2;131;14;606;34;0,2;0,03;0,19;0,8;24;0,25;80;0;0,7;0
ALBICOCCHE        ;F;94;28;0,4;6,8;0,1;1,5;0,5;16;1;320;16;0,1;0,03;0,03;0,5;13;0,08;5;0;0,61;0
ALBICOCCHE polpa secca      ;F;100;188;4,8;43,4;0,7;21,6;4,1;92;56;1880;120;0,7;0;0,2;3;0;0,17;14;0;1,9;0
ALCOOL PURO       ;D;100;660;0;0;0;0;0;0;0;0;0;0;0;0;0;0;0;0;0;0;0
ALLORO secco       ;A;100;313;7,6;48,6;8,4;26,3;43;830;23;530;110;3,7;0,01;0,42;2;0;1;0;0;1,79;0
AMARENE        ;F;85;41;0,8;10,2;0;1,1;0,4;15;2;114;17;0,1;0,03;0,05;0,4;7;0,05;9;0;0,14;0
AMARI (> 35 %vol)     ;D;100;232;0;0,5;0;0;0;0;6;3;0;0;0;0;0;0;0;0;0;0;0
AMARI (tra 23 e 30 %vol)   ;D;100;261;0;32,8;0;0;0,1;5;12;34;7;0;0;0;0;0;0;0;0;0;0
AMIDO        ;S;100;379;0,4;100,1;0,2;0;0,4;13;9;3;11;0,1;0,1;0,02;0,1;0;0,2;0;0;0;0
ANANAS        ;F;57;40;0,5;10;0;1;0,5;17;2;250;8;0,1;0,05;0,01;0,2;17;0,09;5;0;0,1;0
ANANAS SCIROPPATA       ;F;100;77;0,3;20,2;0;0,9;0,4;13;1;94;5;0,1;0,05;0,02;0,2;12;0,09;1;0;0,08;0
ANATRA        ;C;80;159;21,4;0;8,2;0;1,3;12;110;290;200;1,9;0,19;0,18;7,7;0;0,34;25;80;0,02;0,4
ANGUILLA DI FIUME      ;P;71;261;11,8;0,1;23,7;0;1;31;65;217;218;3,4;0,15;0,2;3,5;2;0,34;16;1200;5,55;6,57
ANGUILLA DI MARE      ;P;70;237;14,6;0,7;19,6;0;0,6;17;87;270;223;2,5;0,18;0,32;2,6;2;0,25;12;980;4,14;4,9
ANGUILLA MARINATA       ;P;88;259;14,8;0,6;21,9;0;0,7;18;89;270;202;2,5;0,28;0,37;3,5;0;0,25;12;940;4,14;4,9
APERITIVI (fino a 22 %vol)    ;D;100;186;0;17;0;0;0;0;0;0;0;0;0;0;0;0;0;0;0;0;0
ARACHIDI  CRUDE      ;N;79;571;26;11,2;47,2;7,3;3,2;60;2;670;239;3,5;1,52;0,09;13,8;2;0,59;110;0;10,09;0
ARACHIDI TOSTATE       ;N;65;597;29;8,5;50;10,9;3,5;64;6;680;283;3,9;0,16;0,08;14;0;0,54;66;0;1,11;0
ARACHIDI TOSTATE E SALATE     ;N;100;602;24,5;7,1;53;6,9;1,3;37;400;810;410;2,9;0,18;0,1;13,6;0;0,63;52;0;0,66;0
ARAGOSTA        ;P;29;86;16,2;1;1,9;0;0,8;60;177;180;280;5,7;0,15;0,18;2;2;0,15;1;0;1,47;0
ARANCE        ;F;80;34;0,7;7,8;0,2;1,6;0,2;49;3;200;22;0,2;0,06;0,05;0,2;50;0,1;31;0;0,24;0
ARANCE  SCORZA      ;F;100;97;1,5;14,4;0,2;10,6;0,8;161;3;212;21;0,3;0,12;0,09;0,9;136;0,18;30;0;0,24;0
ARANCIATA IN LATTINA      ;D;100;38;0,1;10;0;0;0,3;11;0;18;5;0,2;0;0;0;1;0;1;0;0;0
ARINGA        ;P;50;190;17,8;0;13,2;0;1,2;60;120;320;230;0,9;0,01;0,26;4,1;0;0,44;9;44;0,76;19
ARINGA AFFUMICATA       ;P;70;194;19,9;0;12,7;0;1,4;66;918;447;254;1,4;0,13;0,28;3,3;0;0,41;14;9;1;16
ARINGA MARINATA       ;P;95;199;18,3;0;14;0;0,7;30;1030;98;150;0,3;0,05;0,21;3,3;0;0,11;1;46;0,64;16
ARINGA SALATA       ;P;73;218;19,8;0;15,4;0;1,9;112;4096;366;293;1,9;0,04;0,29;3;0;0,11;15;48;0,64;16
ASIAGO        ;FO;100;356;31,4;0;25,6;0;0,7;770;760;97;530;2,2;0,03;0,35;0,1;0;0,09;40;175;0,48;0,19
ASPARAGI DI BOSCO      ;V;57;35;4,6;4;0,2;2,6;1,1;25;5;198;90;0,9;0,13;0,43;1,5;23;0,11;218;0;1,44;0
ASPARAGI DI CAMPO      ;V;87;29;3,6;3,3;0,2;2,1;1,2;25;2;240;77;0,3;0,21;0,29;1;18;0,09;175;0;1,16;0
ASPARAGI DI SERRA      ;V;52;24;3;3;0,1;2,1;1;24;2;278;65;0,8;0,27;0,25;0,9;24;0,09;175;0;1,16;0
ASPARAGI IN SCATOLA      ;V;100;19;2,1;0,9;0,7;1,6;1,8;16;287;172;43;0,4;0,06;0,1;1;18;0,11;96;0;0,43;0
ASTICE        ;P;36;90;18,8;0,5;0,9;0;0,3;48;296;275;144;3;0,01;0,05;1,5;0;0,06;9;21;1,47;0
AVENA        ;CR;100;389;16,9;55,7;6,9;10,6;4,7;54;2;429;523;4;0,76;0,14;1;0;0,12;56;0;0,7;0
AVOCADO        ;F;76;231;4,4;1,8;23;3,3;0,6;13;2;450;44;0,5;0,09;0,12;1,1;18;0,47;14;0;4,19;0
BABA' AL RHUM      ;DO;100;252;5,9;41,4;5,7;0,9;2,3;22;315;74;40;0,6;0;0,11;0,5;0;0,05;9;0;2,35;2,52
BABACO        ;F;100;21;0,7;4,5;0,1;1,1;0,3;13;1;165;7;0,1;0,03;0,02;0,5;28;0,03;1;0;1,12;0
BACCALA'   ammollato     ;P;82;95;21,6;0;1;0;2,3;31;2045;424;562;0,4;0,28;0,11;2,4;0;0,18;12;0;0,44;0
BACCALA'  secco       ;P;75;122;29;0;0,7;0;1,8;224;3989;828;224;0,9;0,08;0,23;2,4;0;0,49;14;7;0,1;0
BANANA        ;F;65;66;1,2;15,5;0,3;1,8;0,8;7;1;350;28;0,2;0,06;0,06;0,7;16;0,29;14;0;0,27;0
BARBABIETOLE ROSSE       ;V;82;20;1,1;4;0;2,6;0,4;20;84;300;21;0,4;0,03;0,02;0,2;7;0,02;101;0;0;0
BASILICO   fresco     ;A;100;40;3,1;5,1;0,8;5,2;5,5;250;9;300;37;0,7;0,08;0,31;1,1;26;0,17;85;0;1,7;0
BASILICO  secco macinato      ;A;100;251;14,4;43,2;4;17,8;42;2110;34;3430;490;5,8;0,15;0,32;6,9;0;0,13;0;0;9,15;0
BEVANDE GASSATE DIETETICHE      ;D;100;17;0;4,3;0;0;0;5;7;15;0;0;0;0;0;35;0;0;0;0;0
BIETA        ;V;82;17;1,3;2,8;0,1;1,2;1;67;158;286;29;0,4;0,03;0,19;1,8;24;0,07;124;0;1,05;0
BIETA IN SCATOLA      ;V;100;31;0,9;5,5;0,1;1,7;1,8;15;194;148;17;0,2;0,01;0,04;0,2;4;0,06;30;0;0,3;0
BIGNE'        ;DO;100;318;4,6;43;15,4;0,5;0,7;31;240;360;66;0,1;0,02;0,07;0,3;0;0,03;8;253;1,25;0,25
BIRRA CHIARA       ;D;100;34;0,2;3,5;0;0;0;1;10;35;28;0;0;0,03;0;1;0,01;4;0;0;0
BIRRA SCURA       ;D;100;30;0,3;3;0;0;0;7;16;33;11;0,3;0;0,02;0,3;0;0,01;4;0;0;0
BISCOTTI AL LATTE      ;CD;100;417;13,8;76,1;8,5;1,2;1,9;104;491;366;225;0,4;0,29;0,26;2,4;0;0,03;11;0;3,77;0
BISCOTTI FROLLINI       ;CD;100;493;7,4;68,5;21;1,5;1,8;87;275;110;85;0,6;0,16;0,04;0,9;0;0,05;13;0;1,3;0
BISCOTTI INTEGRALI       ;CD;100;448;8,5;59,5;19,5;8;3,5;110;314;390;340;2,8;0,34;0,16;4,9;1;0,36;27;74;1,76;0,46
BISCOTTI PER L'INFANZIA      ;CD;100;417;13,8;76,1;8,5;0,2;0,9;22;410;140;157;1,1;0,08;0,19;0,5;40;0,6;10;0;0,46;2,5
BISCOTTI 'PETIT BEURRE'      ;CD;100;415;6;84,7;8,2;0,4;1;32;241;111;144;0,6;0,18;0,14;0,9;0;0,04;6;0;1,4;0
BISCOTTI RICOPERTI AL CIOCCOLATO     ;CD;100;524;5,7;67,4;27,6;2,9;1,7;110;160;230;130;0,8;0,03;0,13;0,5;0;0,04;5;0;1,43;0
BISCOTTI SAVOIARDO       ;CD;100;392;11,9;69,8;9,2;1,8;2;40;82;120;180;1;0,1;0,12;0;0;0,08;18;0;1,02;0,7
BISCOTTI WAFERS       ;CD;100;454;7,1;77,6;15;1,6;1,6;73;70;160;83;0,6;0,09;0,08;0,5;0;0,03;11;0;1,9;0
BISCOTTO PER LA PRIMA COLAZIONE    ;CD;100;418;6,6;85,4;7,9;5,7;0,9;22;410;140;157;0,6;0,08;0,19;0,5;0;0,06;13;0;1,4;0
BOVINO  CERVELLO       ;C;100;157;9,8;0,8;12,7;0;3,6;16;140;270;330;1,2;0,25;0,28;6;18;0,26;4;0;1,2;0
BOVINO  CUORE       ;C;100;123;16,8;0,5;6;0;4,6;9;95;320;203;1,8;0,58;0,89;8,2;6;0,23;4;3;0,77;1
BOVINO  FEGATO       ;C;100;146;21;5,9;4,4;0;8,8;7;81;320;350;4;0,26;3,3;13,5;31;0,83;330;16207;0,24;0,62
BOVINO  LESSATO IN GELATINA  IN SCATOLA   ;C;100;87;13,9;0;3,5;0;1,7;20;950;140;100;5,6;0,15;0,18;4,7;0;0,06;2;0;0,78;0
BOVINO  LINGUA       ;C;100;231;17,1;0,4;18;0;2,8;9;73;197;187;3,5;0,13;0,3;3,9;3;0,18;6;0;0,28;0
BOVINO  LINGUA SALMISTRATA      ;C;100;260;22,5;0,2;18,8;0;3;6;86;315;133;2,9;0,13;0,34;4,2;3;0,31;7;0;0,1;0
BOVINO  MIDOLLO OSSEO      ;C;100;822;3,2;0;89,9;0;0;89;0;0;0;0;0;0,01;5;0;0;0;0;0;0
BOVINO  MILZA       ;C;100;107;18,5;0;3,7;0;42;12;85;429;250;2,1;0,28;0,39;4,4;46;0,07;0;147;0;0
BOVINO  POLMONE       ;C;100;75;14;0;2,1;0;6,7;15;198;340;173;1,3;0,23;0,25;2;40;0,03;9;0;0;0
BOVINO  RENE       ;C;100;118;18,4;0,8;4,6;0;8;9;180;230;220;1,9;0,37;2,25;5,8;13;0,37;63;209;1,2;0
BOVINO  SANGUE       ;C;100;75;17,8;0,8;0,1;0;49;6;330;44;19;0,2;0,09;0,03;0,8;0;0;7;5;0,4;0,1
BOVINO  TRIPPA       ;C;100;108;15,8;0;5;0;4;8;107;18;50;0,7;0,14;0,18;1,6;3;0;7;0;0,08;0
BRA        ;FO;100;328;30,7;0;22,8;0;0,4;770;897;97;530;2,2;0,03;0,35;0,1;0;0,09;40;175;0,48;0,19
BRANDY        ;D;100;224;0;0;0;0;0;1;0;0;1;0;0;0;0;0;0;0;0;0;0
BRESAOLA        ;C;100;175;34;0;4,3;0;7,1;35;2733;323;200;4,1;0,12;0,6;2,4;0;0,53;19;0;0,13;0,5
BRIE        ;FO;100;319;19,3;0;26,9;0;0,8;540;700;100;390;2,2;0,04;0,43;0,4;0;0,15;58;285;0,84;0,2
BRIOCHES        ;DO;100;413;7,2;58,4;18,3;2,5;1,3;9;390;52;70;0,9;0,18;0,16;2;0;0,11;73;21;0;0,13
BRIOCHES CON CREMA      ;DO;100;391;6,9;55,6;17,1;2,3;1,3;18;355;58;77;1;0,17;0,16;1,8;0;0,11;68;30;0,05;0,19
BRIOCHES CON MARMELLATA      ;DO;100;394;6,5;58,4;16,5;2,5;1,3;10;352;57;64;0,8;0,16;0,15;1,9;0;0,1;66;19;0;0,12
BROCCOLETTI DI RAPE      ;V;60;22;2,9;2;0,3;2,9;1,5;97;7;296;69;0,2;0,04;0,16;1;110;0,26;194;0;2,24;0
BROCCOLO A TESTA      ;V;51;27;3;3,1;0,4;3,1;0,8;28;12;340;66;0,6;0,04;0,12;1,8;54;0,17;132;0;0,88;0
BRODO DI CARNE E VERDURA    ;M;100;5;0,7;0,1;0,2;0;0,1;1;222;15;1;0;0,06;0,01;0;0;0,01;12;0;0;0
BRODO DI CARNE VARIA     ;M;100;7;1,1;0;0,2;0;0,2;6;326;54;13;0;0;0,02;0,8;0;0,01;23;0;0;0
BRODO DI DADO      ;M;100;3;0,3;0,1;0,4;0;0;1;366;10;7;0;0;0,01;0,1;0;0,01;23;0;0;0
BRODO DI GALLINA      ;M;100;9;0,6;0,6;0,5;0;0;6;608;10;5;0;0;0;0,1;0;0,01;23;5;0;0
BRODO VEGETALE       ;M;100;5;0,3;0,3;0,4;0;0,1;1;362;8;3;0;0,11;0,01;0,1;0;0;1;0;0;0
BUCCIA D'ARANCIA CANDITA      ;F;100;313;0,2;82,7;0,2;1,1;1,5;65;27;24;5;0,1;0,07;0,05;0,2;3;0;0;0;0;0
BUDINO AL CIOCCOLATO      ;DO;100;133;2,7;21,8;4;1;0,5;90;129;180;80;0,4;0,03;0,16;0,3;2;0,03;3;11;0,13;0,03
BUDINO ALLA VANIGLIA      ;DO;100;130;2,3;21,8;3,6;0,1;0,1;88;135;113;68;0,3;0,02;0,14;0,3;0;0,01;0;6;0,13;0,03
BURRATA        ;FO;100;396;15,2;5,7;34,9;0;0,1;329;117;94;205;3,1;0,05;0,42;0,3;1;0,08;15;260;0,72;0,22
BURRINI        ;FO;100;517;22,1;1,6;47;0;0,4;433;353;62;256;2;0,01;0,16;0,3;0;0,04;5;533;1,18;0,48
BURRO        ;FO;100;758;0,8;1,1;83,4;0;0;15;7;15;16;0,6;0;0;0;0;0;0;731;2;0,8
BURRO DI ARACHIDI      ;FO;100;623;22,6;13,1;53,7;6,8;2,1;37;350;700;330;3;0,17;0,09;12,5;0;0,58;53;0;4,99;0
CACAO AMARO  IN POLVERE     ;DO;100;355;20,4;11,5;25,6;28,9;14,3;51;950;1500;685;6,9;0,08;0,3;1,7;0;0,07;38;0;0,8;0
CACAO DOLCE  IN POLVERE SOLUBILE    ;DO;100;349;4,5;67,7;8,6;7,3;4,4;40;950;1500;660;6,9;0,04;0,14;1,7;0;0,07;38;0;0,68;0
CACIOCAVALLO        ;FO;100;439;37,7;2,1;31,1;0;0,3;860;1259;138;590;3,2;0,01;0,45;0,2;0;0,07;10;294;0,35;0,16
CACIOCAVALLO AFFUMICATO       ;FO;100;439;37,7;2,1;31,1;0;0,3;860;1259;138;590;3,2;0,01;0,45;0,2;0;0,07;10;294;0,35;0,16
CACIOTTA AFFUMICATA       ;FO;100;364;27,7;2,1;27,3;0;2,1;1160;1890;94;675;3,5;0,03;0,47;0,2;0;0,09;7;113;0,73;0,5
CACIOTTA ROMANA DI PECORA     ;FO;100;364;27,7;2,1;27,3;0;2,1;1160;1890;94;675;3,5;0,03;0,47;0,2;0;0,09;7;113;0,73;0,5
CACIOTTA TOSCANA       ;FO;100;373;24,6;2,1;29,6;0;0,6;618;514;68;496;3,2;0,02;0,32;0,2;0;0,07;10;231;0,35;0,16
CACIOTTINA FRESCA       ;FO;100;261;17,3;0;21,3;0;0,8;290;299;36;420;2,6;0,03;0,31;0,1;0;0,09;19;139;0,33;0,16
CAFFE' ALL'AMERICANA, in tazza     ;D;100;2;0,1;0,4;0;0;0,4;2;2;54;1;0;0;0;0,2;0;0;0;0;0;0
CAFFE' BAR, in tazza     ;D;100;4;0,4;0,6;0;0;0,2;6;2;251;17;0,2;0;0,02;1,9;0;0;0;0;0;0
CAFFE' CRUDO, in grani     ;D;100;190;11,2;6,7;13,1;49,5;20;160;2;1860;160;0,7;0,21;0,23;2,2;0;0,14;20;0;0;0
CAFFE' DECAFFEINATO, in tazza     ;D;100;4;0,4;0,6;0;0;0,2;6;2;251;17;0,2;0;0,02;1,9;0;0;0;0;0;0
CAFFE' DECAFFEINATO, TOSTATO, MACINATO     ;D;100;287;10,4;28,5;15,4;0;4,1;130;74;2020;160;0,7;0,07;0,2;10;0;0;22;0;2;0
CAFFE' MOKA, in tazza     ;D;100;4;0,4;0,6;0;0;0,2;6;2;251;17;0,2;0;0,02;1,9;0;0;0;0;0;0
CAFFE' SOLUBILE, DECAFFEINATO, in polvere    ;D;100;224;13,9;42,6;0,2;0;3,8;140;23;4;286;0,1;0,01;1,36;28,1;0;0,03;0;0;0;0
CAFFE' SOLUBILE, DECAFFEINATO, in tazza    ;D;100;0;0;0;0;0;0;1;0;33;3;0;0;0;0,2;0;0;0;0;0;0
CAFFE' SOLUBILE, in polvere     ;D;100;223;20,4;41,1;0;0;4,6;140;81;3780;310;1,1;0,04;0,21;24,8;0;0,02;11;0;0;0
CAFFE' SOLUBILE, in tazza     ;D;100;0;0;0;0;0;0;1;0;33;3;0;0;0;0,2;0;0;0;0;0;0
CAFFE' TOSTATO, MACINATO      ;D;100;287;10,4;28,5;15,4;0;4,1;130;74;2020;160;0,7;0,07;0,2;10;0;0;22;0;0;0
CALAMARO        ;P;65;68;12,6;0,6;1,7;0;0;144;425;93;189;1,1;0,07;0,16;1,2;0;0,69;13;75;1,2;0
CALAMARO SURGELATO       ;P;100;70;13,5;1;1,4;0;0,2;15;216;171;194;1,4;0,07;0,03;0,9;0;0,79;2;15;1,2;0
CAMEMBERT        ;FO;100;297;20,9;0;23,7;0;0,2;350;650;100;310;2,7;0,05;0,52;0,9;0;0,22;102;230;0,65;0,18
CANDITI        ;DO;100;283;0,5;75;0;4,5;1,5;60;27;24;7;0,1;0,05;0,04;0,5;0;0;0;0;0;0
CANNELLA        ;A;100;252;3,9;55,5;3,2;24,4;38,1;1228;26;500;61;2;0,08;0,14;1,3;28;0,25;0;0;0,01;0
CANNOLI ALLA CREMA      ;DO;100;369;6,2;42,2;20,7;1,1;1,3;52;250;130;0;0,5;0;0;0;0;0,07;10;0;0,89;0,72
CAPOCOLLO        ;CI;100;450;20,8;1,4;40,2;0;1;25;1335;320;263;3;0,7;0,2;6;0;0,36;3;0;0,23;0
CAPPERI SOTT'ACETO       ;A;100;20;2,6;2,1;0,1;1,5;0,9;19;1517;240;20;0,2;0,03;0;0,4;17;0,07;38;0;0;0
CAPRETTO        ;C;75;122;19,2;0;5;0;1;9;82;385;220;2;0,25;0,1;5,7;0;0,3;5;0;0,09;0,4
CAPRIOLO   COSCIA     ;C;100;103;22,2;0;1,6;0;3,3;5;55;340;210;2,4;0,22;0,25;6,4;0;0,37;4;0;0,2;0,4
CAPRIOLO   SCHIENA     ;C;30;122;22,4;0,6;3,6;0;3;25;84;342;220;3,2;0,22;0,25;6,4;0;0,37;4;0;0,76;0,4
CARAMELLE ALLA FRUTTA      ;DO;100;327;2,8;84,2;0;0;0,4;28;33;28;4;0;0;0;0;0;0;0;0;0;0
CARAMELLE ALLA MENTA      ;DO;100;393;0,5;102,7;0,7;0;0,2;7;9;0;0;0;0;0;0;0;0;0;0;0;0
CARAMELLE DURE       ;DO;100;343;0;91,6;0;0;0;0;9;0;0;0;0;0;0;0;0;0;0;0;0
CARAMELLE MORBIDE, MOU      ;DO;100;430;2,1;71,1;17,2;0;1,5;95;320;210;64;0,3;0;0;0;0;0;0;0;0;0
CARCIOFI   ;V;34;22;2,7;2,5;0,2;5,5;1;86;133;376;67;0,8;0,06;0,1;0,5;12;0,03;68;0;0,19;0
CARCIOFI SURGELATI       ;V;100;38;2,6;3,9;0,4;3,9;0,5;19;47;248;58;0,3;0,06;0,14;0,9;5;0,08;126;0;0,19;0
CARCIOFINI SOTT'ACETO       ;V;100;18;2,9;2,7;0,2;5,5;0,5;44;821;330;40;0,5;0;0,02;1;1;0,02;50;0;0,19;0
CARCIOFINI SOTT'OLIO       ;V;100;68;1,8;2,6;5,7;3,3;1;44;1053;146;63;0,5;0,06;0,09;0,5;0;0,03;64;0;2,98;0
CARDI        ;N;70;10;0,6;1,7;0,1;1,5;0,2;96;23;293;11;0,2;0,02;0,04;0,2;4;0,04;28;0;0,19;0
CAROTE        ;V;95;33;1,1;7,6;0;3,1;0,7;44;95;220;37;0,4;0,04;0,04;0,7;4;0,12;10;0;0,46;0
CARPA        ;P;50;140;18,9;0;7,1;0;1;34;50;286;220;1,7;0,07;0,04;1,5;1;0,22;17;44;0,93;10,6
CASTAGNE        ;N;69;189;3,5;42,4;1,8;9;1,2;38;11;500;89;1,8;0,22;0,35;1,4;0;0,42;62;0;0,98;0
CASTAGNE  secche       ;N;100;349;4,7;80,9;3;13,1;2;52;18;930;90;0,9;0,33;0,4;2,3;0;0,64;110;0;1,33;0
CASTRATO   CARNE SEMIGRASSA    ;C;100;227;16,8;0;17,8;0;1,9;9;69;310;174;3,5;0,14;0,19;4,7;0;0,2;2;5;0,18;0,6
CASTRATO  CARNE GRASSA      ;C;65;332;16,5;0;29,5;0;1,6;8;58;250;157;1,9;0,12;0,16;3,9;0;0,34;11;15;0,07;0,4
CASTRATO  CARNE MAGRA      ;C;65;122;17;0;6;0;2,2;10;70;330;191;3,3;0,16;0,22;5,4;0;0,3;6;6;0,09;0,4
CAVALLO        ;C;100;113;21,7;0,5;2,7;0;3,2;10;44;330;230;2,1;0,1;0,12;4,6;0;0,38;8;0;0,48;0,6
CAVALLO  CUORE       ;C;100;146;18,7;0,6;7,7;0;5;9;95;320;214;1,8;0,51;0,91;7,1;5;0,23;4;0;0,45;1
CAVALLO  FEGATO       ;C;100;145;22,4;5,3;4;0;9;8;81;320;358;4;0,3;2,88;14,7;30;0,83;330;10804;0,42;1,1
CAVIALE        ;P;100;252;18,9;1,9;18,8;0;11,9;275;1500;181;356;1;0,19;0,62;0,1;0;0,32;50;560;7;5,87
CAVOLFIORE        ;V;66;25;3,2;2,7;0,2;2,4;0,8;44;8;350;69;0,7;0,1;0,1;1,2;59;0,23;54;0;0,18;0
CAVOLI DI BRUXELLES      ;V;76;37;4,2;4,3;0,5;5,2;1,1;51;10;380;50;0,5;0,08;0,14;0,7;81;0,37;135;0;1;0
CAVOLO BROCCOLO VERDE RAMOSO     ;V;72;24;3,4;2;0,3;3,1;1,2;72;12;340;74;0,6;0,08;0,21;1,8;77;0,14;90;0;1,3;0
CAVOLO CAPPUCCIO ROSSO      ;V;94;20;1,9;2,7;0,2;1;1;60;32;300;24;0,3;0,06;0,05;0,6;52;0,07;32;0;0,17;0
CAVOLO CAPPUCCIO VERDE      ;V;93;19;2,1;2,5;0,1;2,9;1,1;60;23;260;29;0,2;0,06;0,04;0,6;47;0,17;59;0;0,15;0
CECI   secchi     ;L;100;334;21,8;54,3;4,9;13,8;6,1;117;6;800;299;3,3;0,36;0,14;1,7;5;0,53;180;0;2,61;0
CECI IN SCATOLA      ;L;100;56;4,3;7,2;1,4;8,1;1,5;41;336;96;55;0,5;0,03;0,02;0,1;0;0,03;7;0;1,05;0
CEDRO CANDITO       ;DO;100;187;0,1;49,4;0,2;3,3;1,1;55;27;24;6;0,1;0;0;0,9;2;0;0;0;0;0
CEFALO MUGGINE       ;P;55;127;15,8;0,7;6,8;0;1,8;26;65;350;220;0,4;0,06;0,1;7,3;0;0,43;9;17;1;0,8
CEREALI AGGREGATI       ;CR;100;342;10,7;74,9;2;11,6;6;35;370;370;290;2;0,7;1;10;0;0,22;50;0;1,03;0
CERNIA        ;P;41;80;17,9;0,6;0,7;0;0,3;11;53;483;128;0,5;0,04;0,12;0,4;0;0,3;9;0;0,5;0
CERNIA DI FONDO      ;P;69;125;15,6;0,6;6,7;0;0,3;45;119;258;121;0,5;0,19;0,04;3,1;0;0,3;9;43;0,5;11
CERNIA SURGELATA       ;P;68;88;17;0,6;2;0;0,3;11;53;483;128;0,5;0,04;0,12;0,4;0;0,3;9;0;0,5;0
CERTOSINO        ;F;100;268;17,5;0;22;0;0,3;440;430;125;263;1,4;0,05;0,36;0,1;0;0,08;19;275;0,24;0,17
CETRIOLI        ;V;77;14;0,7;1,8;0,5;0,6;0,3;16;13;140;17;0,1;0,02;0,03;0,6;11;0,04;9;0;0,07;0
CETRIOLI IN SALAMOIA      ;V;67;14;0,9;2,6;0,1;1,2;0,7;20;690;110;22;0,3;0;0,02;0,1;1;0,01;6;0;0,16;0
CETRIOLINI SOTT'ACETO       ;V;67;14;0,9;2,6;0,1;1,2;0,7;20;690;110;22;0,3;0;0,02;0,1;1;0,01;6;0;0,07;0
CHAMPAGNE        ;D;100;76;0,3;1,4;0;0;0,5;3;4;57;7;0;0;0,01;0,1;0;0,02;0;0;0;0
CHEDDAR        ;FO;100;381;25;0,5;31;0;0,5;810;610;120;545;2,3;0,01;0,45;0,1;0;0,1;33;376;0,5;0,26
CHERRY BRANDY       ;D;100;255;0;32,6;0;0;0,1;5;12;34;7;0;0;0;0;0;0;0;0;0;0
CICCIOLI        ;C;100;523;40,8;0;40;0;1,4;30;1470;230;235;1,6;0,22;0,19;2;0;0,27;2;0;0,08;0
CICORIA        ;V;80;10;1,4;0,7;0,2;3,6;0,7;74;14;236;31;0,2;0,03;0,19;0,3;17;0,01;16;0;0,57;0
CICORIA CATALOGNA       ;V;80;24;1,8;3,2;0,5;3,1;0,7;74;21;358;31;0,3;0,03;0,19;0,3;17;0,11;110;0;2,26;0
CICORIA DA TAGLIO      ;V;89;12;1,2;1,7;0,1;3,6;1,5;150;7;180;26;0,2;0,03;0,08;0,3;8;0,01;12;0;2,26;0
CICORIA WITLOOF       ;V;100;17;0,7;3,2;0,3;0,6;0,3;18;1;170;26;0,2;0,04;0,03;0,3;3;0,01;14;0;2,26;0
CILIEGE        ;F;86;38;0,8;9;0,1;1,3;0,6;30;3;229;18;0,1;0,03;0,03;0,5;11;0,04;4;0;0,1;0
CIOCCOLATO AL LATTE      ;DO;100;565;8,9;50,8;37,6;0,8;3;262;120;420;207;0,2;0,09;0,39;0,6;0;0,04;11;31;0,55;0
CIOCCOLATO BIANCO       ;DO;100;529;8;58,3;30,9;0,8;0,2;270;110;350;230;0,9;0,08;0,49;0,2;0;0,07;10;13;1,14;0
CIOCCOLATO CON NOCCIOLE      ;DO;100;571;9,3;45,9;40,1;1,4;3;251;109;425;219;0,3;0,13;0,36;0,8;0;0,1;17;28;2,99;0
CIOCCOLATO FONDENTE       ;DO;100;542;5,8;56,7;34;1,4;5;51;11;300;186;1,3;0,07;0,07;0,6;0;0,03;12;0;1,44;0
CIOCCOLATO GIANDUIA       ;DO;100;509;13,1;52,7;28,8;2,5;1,9;42;6;300;162;1,3;0,26;0,26;2;0;0,03;12;0;1,44;0
CIPOLLE        ;V;83;26;1;5,7;0,1;1,1;0,4;25;10;140;35;0,3;0,02;0,03;0,5;5;0,14;12;0;0,22;0
CIPOLLE  secche       ;V;100;313;10,2;68,6;1,7;13;2,6;220;170;1390;260;1,7;0,23;0;0,8;33;1,6;166;0;2,69;0
CIPOLLINE        ;V;93;38;1,3;8,5;0,1;1,7;0,4;51;13;230;48;0,2;0,05;0,04;0,8;6;0,2;17;0;0,31;0
CIPOLLINE SOTT'ACETO       ;V;100;24;0,9;4,9;0,2;1,3;0,2;22;450;93;23;0,1;0,02;0;0,1;0;0,1;14;0;0,31;0
COCA COLA       ;D;100;39;0;10,5;0;0;0;5;8;1;15;0;0;0;0;0;0;0;0;0;0
COCOMERO        ;F;52;15;0,4;3,7;0;0,2;0,2;7;3;280;2;0,1;0,02;0,02;0,1;8;0,08;1;0;0,06;0
COGNAC        ;D;100;214;0;0,9;0;0;0;0;0;0;0;0;0;0;0;0;0;0;0;0;0
CONFETTI        ;DO;100;441;5,2;71,9;16,7;4,6;1,7;77;3;280;165;1,1;0,1;0,14;0,7;0;0,05;16;0;7,77;0
CONIGLIO   CARNE SEMIGRASSA    ;C;68;138;22,1;0,5;5,3;0;1,3;17;67;360;180;1,4;0,17;0,11;3,7;0;0,5;5;0;0,13;0
CONIGLIO  CARNE GRASSA      ;C;68;203;18,1;0,4;14,4;0;0,1;13;78;418;180;1,7;0;0,09;3;0;0,59;6;0;0,4;0
CONIGLIO  CARNE MAGRA      ;C;68;102;23,7;0,6;0,6;0;1,3;17;57;306;180;1,2;0,19;0,12;4;0;0,43;4;0;0,01;0
CONIGLIO  FRATTAGLIE       ;C;100;147;18,7;0,4;7,9;0;8;20;67;360;320;1,4;0,31;0,5;5,7;9;0,5;5;4526;0,13;0
CONO PER GELATO      ;DO;100;366;10,1;78,8;3,3;3;2;170;93;190;130;0,7;0,2;0,04;2,3;0;0,15;15;0;1,38;0
COPPA        ;CI;100;494;17;0;47,3;0;1,3;11;1335;320;170;3;0,6;0,23;5,6;0;0,36;3;0;0,23;0
COPPA PARMA       ;C;100;398;23,6;0,6;33,5;0;1,9;17;2285;650;170;5,3;0,14;0,16;5,6;0;0,36;3;0;0,23;0
CORNED BEEF IN SCATOLA     ;C;100;219;23,2;0;14;0;2,4;9;1000;140;125;5,5;0,03;0,15;1,7;0;0,18;5;0;1;1,7
COTECHINO        ;C;100;450;17,2;0;42,3;0;2,1;30;1744;272;109;4,1;0,2;0,16;7,3;0;0,07;1;0;0,24;0
COTECHINO  cotto       ;C;100;306;21,1;0;24,7;0;2,1;30;1744;272;109;4,1;0,2;0,16;3;0;0,07;1;0;0,24;0
COZZA O MITILO      ;P;32;84;11,7;3,4;2,7;0;5,8;88;290;320;236;1,6;0,12;0,16;1,6;0;0,08;37;54;1,11;0
CRACKERS AL FORMAGGIO      ;CD;100;502;9,8;62,1;25,5;2,8;4,8;151;995;145;218;1,1;0,57;0,43;4,7;0;0,55;25;28;1,01;0,01
CRACKERS INTEGRALI       ;CD;100;443;8,8;58,1;17,2;10,5;3,1;50;659;297;295;2,2;0,2;0,1;4,5;0;0,18;28;0;3,92;0
CRACKERS NON SALATI      ;CD;100;440;9,5;68,3;16,3;6,1;1,7;110;610;120;110;0,7;0,23;0,05;1,7;0;0,12;22;0;1,3;0
CRACKERS SALATI       ;CD;100;428;9,4;80,1;10;2,8;1,7;110;879;120;110;0,7;0,23;0,05;1,7;0;0,12;22;0;1,3;0
CRACKERS SENZA GRASSI      ;CD;100;393;10,5;79,6;1,6;2,7;7,7;22;636;115;113;0,9;0,52;0,59;5,7;0;0,09;13;0;0,08;0
CRACOTTE        ;CD;100;348;10,5;78,8;1,2;9,2;2,1;80;640;500;3;0,6;0,28;0,14;1,1;0;0,29;35;0;0,5;0
CRAUTI        ;V;100;24;1,5;4;0,3;1,1;0,6;48;355;288;43;0,4;0,03;0,05;0,2;20;0,15;16;0;0,2;0
CREMA DI CACAO E NOCCIOLE    ;DO;100;537;6,9;58,1;32,4;1,2;3,6;143;50;370;164;1;0,03;0,1;0,5;0;0,1;11;0;0,45;0
CREMA PER PASTICCERIA      ;DO;100;192;4,8;30,7;6,4;0,2;0,8;97;38;110;136;0,8;0,08;0,16;0,1;0;0,09;23;108;0,49;0,7
CREME CARAMEL       ;DO;100;109;3;20,6;2,2;0,1;0;94;70;150;77;0,3;0,03;0,2;0,1;0;0,03;8;37;0,16;0,07
CRESCIONE        ;PI;62;22;3;0,4;1;3;2,2;170;49;230;52;0,7;0,16;0,06;0,3;62;0,23;14;0;1,46;0
CROSTATA CON MARMELLATA      ;DO;100;339;4,9;65,5;8,2;1,6;1,4;55;230;110;46;0,3;0,07;0,01;0,5;2;0,04;4;62;0,74;0,64
CRUSCA DI GRANO      ;CR;100;206;14,1;26,8;5,5;39,6;12,9;110;28;1160;1200;16,2;0,89;0,36;29,6;0;1,38;260;0;2,6;0
CUMINO   SEMI     ;CR;100;375;17,8;33,7;22,3;10,5;66,4;931;168;1788;499;4,8;0,63;0,33;4,6;8;0,44;0;0;2,72;0
DADI PER BRODO      ;M;100;152;15,7;5;18,7;0,2;1,2;60;16982;446;320;0,8;0,07;0,24;4,5;0;0,57;1050;15;0;0
DADI PER BRODO VEGETALE     ;M;100;253;13,5;11,6;17,3;0;2,8;47;16800;390;120;0,4;5,18;0,45;2,2;0;0,1;30;0;0;0
DAIKON        ;V;87;15;0,8;2,9;0,1;1,5;0,4;30;27;220;25;0,3;0,03;0,02;0,5;24;0,07;38;0;0;0
DATTERI   freschi     ;F;100;124;1,5;31,3;0,1;3,6;0,3;24;7;410;28;0,2;0,06;0,07;0,7;14;0,12;25;0;0,1;0
DATTERI  secchi       ;F;90;253;2,7;63,1;0,6;8,7;2,7;69;5;750;65;0,4;0,08;0,15;2,2;0;0,19;13;0;0,1;0
DENTICE        ;P;65;101;16,7;0,7;3,5;0;1,2;38;77;350;264;0,5;0,08;0,1;2,1;0;0,19;5;48;0,4;0
DENTICE SURGELATO       ;P;65;103;17,2;0,7;3,5;0;0,8;30;77;350;188;0,5;0,08;0,15;3,3;0;0,19;5;0;0,4;0
DOLCE VERDE       ;DO;100;266;19,1;2,5;20;0;0,3;360;770;93;300;1;0,03;0,3;0,1;0;0,07;52;315;0,54;0,24
DOLCIFICANTE A BASE DI SACCARINA    ;DO;100;397;0;98,6;0;0;0;0;0;0;0;0;0;0;0;0;0;0;0;0;0
DOLCIFICANTE ASPARTAME       ;DO;100;400;0;97,5;0;0;0;0;0;0;0;0;0;0;0;0;0;0;0;0;0
DOLCIFICANTE FRUTTOSIO       ;DO;100;400;0;99,5;0;0;0;0;0;0;0;0;0;0;0;0;0;0;0;0;0
DOLCIFICANTE SACCARINA       ;DO;100;0;0;0;0;0;0;0;0;0;0;0;0;0;0;0;0;0;0;0;0
EDAM  FRESCO       ;FO;100;306;26;1;22;0;0,5;675;1250;100;387;2,2;0,03;0,2;0,1;1;0,09;40;260;0,42;0,16
EDAM STAGIONATO       ;FO;100;345;29;1;25;0;0,5;750;1250;100;430;2,2;0,03;0,2;0,1;1;0,09;40;290;0,48;0,19
EMMENTHAL        ;FO;100;403;28,5;3,6;30,6;0;0,3;1145;450;107;700;5;0,01;0,45;0,1;1;0,09;20;124;0,44;0,25
ERBA CIPOLLINA   fresca    ;A;100;23;2,8;1,7;0,6;1,9;1,6;85;5;230;50;0,4;0,1;0,18;0,7;45;0,2;105;0;1,6;0
ESTRATTO DI CARNE BOVINA     ;C;100;219;54;0;0,4;0,9;1,3;37;3811;970;7;1;0,06;0,1;0,1;0;0,57;1050;0;0;0
FAGIANO        ;C;85;144;24,3;0;5,2;0;8;49;70;290;308;1;0,17;0,19;11,3;0;0,66;6;0;0,3;0,4
FAGIOLI        ;L;41;104;6,4;19,4;0,6;10,6;3;44;2;650;180;0,2;0,44;0,1;1;10;0,08;60;0;0,23;0
FAGIOLI  secchi       ;L;100;311;23,6;51,7;2,5;17;6,7;137;4;1445;437;3,4;0,4;0,17;2,3;3;0,4;130;0;0,93;0
FAGIOLI ADUKI   secchi    ;L;100;272;19,9;50,1;0,5;11,1;4,2;84;5;1220;380;5;0,45;0,22;2,6;0;0,35;622;0;0;0
FAGIOLI IN SCATOLA      ;L;100;43;4,1;6,3;0,5;6,8;1,9;40;305;232;47;0,6;0,03;0,02;0,1;0;0,03;8;0;0,23;0
FAGIOLI MUNG   secchi    ;L;100;279;23,9;46,3;1,1;13,9;6;89;12;1250;360;2,7;0,36;0,26;2,1;0;0,38;140;0;0,52;0
FAGIOLINI        ;L;95;17;2,1;2,4;0,1;2,9;0,9;35;2;280;48;0,2;0,07;0,15;0,8;16;0,05;80;0;0,2;0
FAGIOLINI IN SCATOLA      ;L;54;22;1,5;4,1;0,1;2,6;1,9;53;340;110;27;0,2;0,02;0,05;0,2;0;0,05;10;0;0,18;0
FARAONA        ;C;68;158;23,4;0;6,5;0;0,8;11;67;193;153;1,1;0,06;0,1;7,7;0;0,38;5;28;0,3;0,4
FARAONA  COSCIA       ;C;85;114;24,3;0,2;1,8;0;0,6;5;68;340;220;1,9;0,29;0,35;5,1;0;0,61;17;0;0,01;0,3
FARAONA  PETTO       ;C;85;107;25,1;0;0,7;0;0,3;4;50;360;230;1;0,14;0,15;9,1;0;0,81;9;0;0;0,3
FARINA DI AVENA      ;FA;100;388;12,6;72,9;7,1;7,6;4,2;80;33;370;342;3,3;0,52;0,17;2,4;0;0,12;60;0;1,39;0
FARINA DI CASTAGNE      ;FA;100;323;5,8;71,6;3,7;10,9;3,2;50;11;847;164;0,9;0,23;0,37;1;0;0,64;109;0;2,26;0
FARINA DI CECI      ;FA;100;334;21,8;54,3;4,9;13,8;6,1;117;6;800;299;3,3;0,36;0,14;1,7;5;0,53;180;0;2,61;0
FARINA DI COCCO      ;FA;100;604;5,6;6,4;62;21,1;3,6;23;28;660;160;0,9;0,03;0,05;0,9;0;0,09;9;0;1,26;0
FARINA DI FRUMENTO, INTEGRALE     ;FA;100;321;11,9;68,4;1,9;9,6;3;28;3;337;300;2,9;0,4;0,16;5;0;0,5;57;0;1,21;0
FARINA DI FRUMENTO, TIPO 0    ;FA;100;343;11,5;76,9;1;3,5;0,9;18;2;140;160;0,6;0,25;0,04;1,2;0;0,15;22;0;0,23;0
FARINA DI FRUMENTO, TIPO 00    ;FA;100;343;11;78;0,7;2,5;0,7;17;3;126;76;0,6;0,1;0,03;1;0;0,15;22;0;0,16;0
FARINA DI GRANO DURO     ;FA;100;304;12,6;61,1;2,8;3,5;3,5;29;2;418;320;4;0,42;0,15;5,5;0;0,41;42;0;0,98;0
FARINA DI GRANO SARACENO     ;FA;100;364;8,1;84,9;1,5;2,1;2;12;1;220;150;2,6;0,28;0,07;2,8;0;0,4;54;0;0;0
FARINA DI MAIS      ;FA;100;365;8,7;81,5;2,7;2,6;1,8;6;1;130;99;1;0,35;0,1;1,9;0;0;0;0;0;0
FARINA DI ORZO      ;FA;100;360;10,6;80;1,9;14,8;6;39;4;560;393;3,3;0,16;0,08;5,5;0;0,56;50;0;0,9;0
FARINA DI RISO      ;FA;100;363;7,3;87,8;0,5;0,7;0,4;7;4;104;90;0,8;0,05;0,04;1,4;0;0,44;4;0;0,13;0
FARINA DI SEGALE, integrale     ;FA;100;335;8,2;75,9;2;11,7;2,7;32;1;410;360;3;0,4;0,22;1;0;0,35;78;0;1,6;0
FARINA DI SEGALE, semitr     ;FA;100;316;8,3;67,8;1,3;8;2,6;20;1;297;196;2,4;0,22;0,1;1,2;0;0,27;19;0;0,87;0
FARINA DI SOIA, a basso contenuto lipidico  ;FA;100;352;45,3;28,2;7,2;13,3;9,1;240;14;2030;640;3,2;0,9;0,29;2,4;0;0,52;410;0;0,2;0
FARINA DI SOIA, intera     ;FA;100;447;36,8;23,5;23,5;10,7;6,9;210;9;1660;600;3,9;0,75;0,28;2;0;0,46;345;0;1,5;0
FARINA LATTEA       ;FA;100;415;13,2;81,5;6,3;0;3,5;301;0;0;237;0;0,39;0,35;1;15;0;0;209;0;0
FAVE        ;L;30;37;5,4;4,2;0,2;5,1;1,8;23;18;210;98;0,9;0,2;0,1;1,2;24;0,06;145;0;0,46;0
FAVE SECCHE       ;L;100;342;27,2;55,3;3;7;5;90;127;1028;420;4,6;0,5;0,28;2,6;4;0,37;145;0;0,46;0
FETA        ;FO;100;250;15,6;1,5;20,2;0;0,2;360;1440;95;280;0,9;0,04;0,21;0,2;0;0,07;23;220;0,37;0,5
FETTE BISCOTTATE       ;CD;100;410;11,3;83;6;3,5;3,8;55;206;140;124;2;0,5;0,3;2,6;0;0,1;26;0;1,3;0
FETTE BISCOTTATE, DOLCI      ;CD;100;404;10,5;81,6;6,2;3,5;2,5;30;206;140;109;2;0,5;0,22;4,1;0;0,1;26;0;0,23;0
FETTE BISCOTTATE, INTEGRALI      ;CD;100;365;11,2;74,1;5,2;11;4,5;43;837;148;165;1,5;0,42;0,3;5,1;0;0,1;24;0;1,3;0
FETTE BISCOTTATE, VITAMINIZZATE      ;CD;100;410;11,3;83;6;3,5;5,6;55;206;140;124;2;0,56;0,64;7,2;0;0,8;26;0;1,3;0
FETTE DI SEGALE INTEGRALI     ;CD;100;366;7,9;65,7;1,3;16,5;2,4;31;264;319;269;2,4;0,24;0,15;1;0;0,21;22;0;1,36;0
FICHI   ;F;75;47;0,9;11,2;0,2;2;0,5;43;2;270;25;0,2;0,03;0,04;0,4;7;0,09;7;0;0,77;0
FICHI D'INDIA       ;F;64;53;0,8;13;0,1;5;0,4;30;5;238;25;0,7;0,01;0,03;0,5;2;0,08;8;0;0,01;0
FICHI SECCATI AL FORNO E MANDORLATI   ;F;100;277;5,2;58,2;4,2;10,4;3;186;87;1010;111;0,9;0,14;0,1;0,6;0;0,26;9;0;0;0
FICHI SECCATI AL SOLE     ;F;100;232;3,6;52,9;2,1;18,5;4,2;280;87;1010;92;0,9;0,16;0,12;1,7;0;0,26;9;0;0;0
FICHI SECCHI       ;F;100;242;3,5;58;2,7;10,4;3;186;87;1010;111;0,9;0,14;0,1;0,6;0;0,26;9;0;0;0
FINOCCHIO ;V;59;9;1,2;1;0;2,2;0,4;45;141;276;39;0,1;0,02;0,04;0,5;12;0,07;49;0;0,2;0
FINOCCHIO SEMI     ;V;100;345;15,8;12,5;14,9;39,8;12,3;1200;88;1660;510;3,7;0,41;0,35;10,3;0;0,44;0;0;2,72;0
FIOCCHI DI AVENA      ;CD;100;395;8;73,5;7,5;8,3;5,2;54;33;370;365;3,1;0,55;0,14;1;0;0,12;32;0;1,5;0
FIOCCHI DI CRUSCA DI GRANO    ;CD;100;319;10,2;69,7;1,9;17,3;40;50;910;540;370;1,9;1;1,5;16;35;1,8;250;0;0,6;0
FIOCCHI DI LATTE MAGRO     ;CD;100;102;11,7;2,6;5,3;0;0,1;73;380;89;160;0,6;0,03;0,26;0,1;0;0,08;27;44;0,08;0,08
FIOCCHI DI MAIS (CORNFLAKES)     ;CD;100;364;6,6;88,1;0,8;3,8;2,8;74;11;99;58;0,3;1;1,5;16;0;1,8;250;0;0,53;0
FIOCCHI DI RISO      ;CD;100;346;6,6;77,5;1,2;2,2;8;20;4;150;150;1,8;0,21;0,05;4;0;0,31;20;0;0,1;0
FIOCCHI D'ORZO       ;CD;100;360;10,6;80;1,9;14,8;6;39;4;560;393;3,3;0,16;0,08;5,5;0;0,56;50;0;0,9;0
FIOR DI LATTE      ;FO;100;265;20,6;0;20,3;0;0,4;162;118;75;355;1,4;0,03;0,27;0,3;0;0,09;19;210;0,33;0,16
FIORI DI ZUCCA      ;V;79;12;1,7;0,5;0,4;0,5;2;39;6;203;37;0,2;0,09;0,16;0,8;28;0,09;69;0;0,12;0
FOCACCIA        ;PI;100;292;8,4;40,7;11,8;4,9;0;9;218;128;39;0,5;0,21;0,08;1,3;1;0,13;55;0;0,51;0
FOGLIE DI RAPA      ;V;63;22;2,6;2,8;0,1;2,4;2,7;169;34;249;48;0,2;0,08;0,37;1,8;81;0,22;163;0;2,44;0
FONTINA        ;FO;100;343;24,5;0,8;26,9;0;0,3;870;451;89;561;3,5;0,01;0,45;0,2;0;0,08;6;140;0,35;0,19
FORMAGGINO        ;FO;100;309;11,2;6;26,9;0;0,3;430;1000;108;650;3,2;0,02;0,3;0,1;0;0,08;18;240;0,55;0,21
FORMAGGINO   a basso tenore di lipidi   ;FO;100;239;14,7;6,5;17,3;0;0,3;430;1000;181;665;2,2;0,02;0,2;0,1;0;0,08;18;187;0,55;0,21
FORMAGGIO AL GORGONZOLA E AL MASCARPONE   ;FO;100;406;13,5;0,1;39,1;0;0,3;340;768;96;227;1,5;0,01;0,2;0,5;0;0,06;32;323;0,77;0,26
FORMAGGIO SPALMABILE (tipo Philadelphia)     ;FO;100;313;8,6;0;31;0;0,1;110;330;150;130;0,7;0,03;0,17;0,1;0;0,05;13;275;0,24;0,17
FRAGOLE        ;F;94;27;0,9;5,3;0,4;1,6;0,8;35;2;160;28;0,1;0,02;0,04;0,5;54;0,05;18;0;0,18;0
FRUMENTO DURO       ;CR;100;314;13;63;2,9;12,6;3,6;30;2;431;330;4,2;0,43;0,15;5,7;0;0,42;43;0;1,01;0
FRUMENTO TENERO       ;CR;100;319;12,3;65,8;2,6;1,7;3,3;35;2;397;304;2,6;0,42;0,14;5,4;0;0,27;41;0;1,44;0
FUNGHI CHIODINI       ;FU;50;15;2,1;0,1;0,7;6,8;0,9;4;5;429;121;0,4;0,1;0,13;4,2;5;0,18;44;0;0,12;2,1
FUNGHI GALLINACCI       ;FU;39;11;1,6;0,2;0,5;4,7;6,5;4;3;367;56;0,7;0,02;0,23;6,5;6;0,18;44;0;0,12;2,1
FUNGHI GALLINACCI, secchi      ;FU;100;93;16,5;1,8;2,2;60,5;17,2;85;32;5370;581;0,4;0,1;0,13;4,2;2;0,18;44;0;0,12;2,1
FUNGHI IN SCATOLA      ;FU;100;27;3;3;0,4;2,4;0,1;20;250;150;70;0,7;0,02;0,19;1,6;2;0,06;12;0;0,12;2,1
FUNGHI OVULI       ;FU;87;18;2;1,9;0,3;1,7;1,1;17;5;320;89;0,4;0,1;0,31;4;3;0,18;44;0;0,12;2,1
FUNGHI PORCINELLI       ;FU;30;24;3,1;1,6;0,6;6,5;1,6;2;2;360;83;0,1;0,1;0,44;4,9;7;0,18;44;0;0,12;3,1
FUNGHI PORCINI       ;FU;92;27;3,9;1,4;0,7;2,5;1,2;22;52;235;142;0,1;0,38;0,26;4;3;0,18;44;0;0,12;3,1
FUNGHI PRATAIOLI , COLTIVATI      ;FU;90;20;2,3;1,9;0,4;1,7;1,2;10;5;320;102;0,4;0,1;0,13;4,2;4;0,18;44;0;0,12;0
FUNGHI SECCHI       ;FU;100;147;40,6;15,6;4,6;10;28,9;28;87;2846;612;12,2;0,3;1,27;14,1;2;0,97;163;0;0,12;2,1
FUNGHI SHIITAKE   secchi    ;FU;100;296;16,3;63,9;1;11,5;1,7;11;13;1530;290;7,7;0,3;1,27;14,1;0;0,97;163;0;0,12;2,1
FUNGHI SOTT'OLIO       ;FU;100;48;3,3;0;3,9;1,6;0,8;15;1650;99;98;0,4;0,1;0,12;4;0;0,17;42;0;2,03;2,1
FUNGHI SPUGNOLI       ;FU;17;17;1,7;1,9;0,3;7;1,2;11;2;390;162;0,4;0,13;0,06;4,2;5;0,18;44;0;0,19;3,1
GALLINA        ;C;70;195;20,9;0,2;12,3;0;1,6;15;60;320;205;0,8;0,3;0,1;4;0;0,38;11;0;0,14;0,6
GAMBERETTI DI LAGO      ;P;100;105;17,1;0;4,1;0;2,2;33;150;260;240;1,3;0,05;0,04;1,9;0;0,07;30;0;2,85;0
GAMBERETTI SURGELATI       ;P;100;63;13,6;0;1;0;2,4;118;344;68;136;0,9;0;0,02;0,5;0;0,07;13;2;2,85;0
GAMBERO        ;P;45;71;13,6;2,9;0,6;0;1,8;110;146;266;349;1,1;0,08;0,1;3,2;2;0,08;14;0;0,82;0
GELATINA ALIMENTARE, secca      ;DO;100;354;88,3;0;0,1;0;2,1;250;100;10;32;0,2;0;0;0;0;0;0;0;0;0
GELATO AL CIOCCOLATO      ;DO;100;216;3,8;27;11;1,2;0,9;109;76;249;107;0,6;0,04;0,19;0,2;0;0,06;16;110;0,33;0,12
GELATO ALLA FRUTTA      ;DO;100;179;3,5;24,7;8;0;0,5;110;61;180;99;0,4;0,04;0,26;0,2;1;0,07;9;94;0,17;0,1
GELATO FIOR DI LATTE     ;DO;100;218;4,2;20,7;13,7;0;0,4;185;100;150;165;0,3;0,06;0,1;0,1;0;0,08;7;110;0,21;0,12
GERME DI GRANO      ;CD;100;416;28;55;10;15,6;10;0;3;827;1100;17;2,44;0,61;6,2;0;3,3;331;0;22;0
GERMOGLI DI ERBA MEDICA     ;A;100;24;4;0,4;0,7;1,7;1;32;6;79;70;0,9;0,04;0,06;0,5;2;0,03;36;0;0,01;0
GHIACCIOLO ALL'ARANCIO       ;DO;100;137;0;36,5;0;0;0;0;0;14;0;0;0;0;0;12;0;0;0;0;0
GIARDINIERA SOTT'ACETO       ;V;100;7;0,4;0,6;0,3;1,8;2;35;821;70;23;0,5;0,01;0,01;0,1;4;0,1;10;0;0,31;0
GIARDINIERA SOTT'OLIO       ;V;100;58;2,6;1,3;4,8;2,5;0,9;30;1352;123;81;0,4;0,08;0,11;2,3;0;0,1;53;0;2,51;0
GIRASOLE   SEMI       ;S;100;581;19,8;18,6;47,5;6,2;6,4;110;3;710;640;5,1;1,6;0,19;4,1;0;0,77;227;0;37,77;0
GOMME DA MASTICARE      ;DO;100;341;0;96,7;0,3;0;0;0;6;4;0;0;0;0;0;0;0;0;0;0;0
GORGONZOLA        ;FO;100;359;19,4;0,1;31,2;0;0,3;612;1450;138;356;2,5;0,01;0,18;0,9;0;0,07;52;336;0,54;0,24
GORGONZOLA CON LE NOCI     ;FO;100;371;19,3;0,4;32,5;0,3;0,4;591;1392;147;357;2,6;0,03;0,18;0,9;0;0,09;53;323;0,67;0,23
GOUDA FRESCO       ;FO;100;344;23;0;28;0;0,5;560;1250;100;350;1,8;0,03;0,2;0,1;1;0,08;43;330;0,48;0,22
GOUDA STAGIONATO       ;FO;100;361;25;0;29;0;0,5;600;1250;100;380;1,8;0,03;0,2;0,1;1;0,08;43;360;0,53;0,22
GRANA        ;FO;100;381;35,5;3,7;25;0;0,8;1290;446;100;702;6,2;0,02;0,12;0,1;0;0,1;20;200;0,9;0,27
GRANCHIO        ;P;35;87;18,1;0;1,1;0;0,7;89;293;329;229;3,5;0,08;0,04;2,7;3;0,15;44;2;1;0
GRANCHIO  POLPA IN SCATOLA     ;P;100;77;18,1;0;0,5;0;2,8;120;550;100;140;5,7;0;0,05;1,1;0;0,15;43;0;1;0
GRANITA DI LIMONE      ;DO;100;106;0;28,4;0;0;0;1;0;14;1;0;0;0;0;4;0,01;1;0;0;0
GRANITO DI TENERO      ;DO;100;354;9,2;82,3;1;2,5;2,2;10;3;126;105;0,6;0,06;0,05;1;0;0,15;22;0;0,23;0
GRAPPA        ;D;100;235;0;0;0;0;0;0;0;0;0;0;0;0;0;0;0;0;0;0;0
GRISSINI        ;CD;100;433;12,3;69;13,9;3,5;2,3;13;610;120;162;0,7;0,12;0,08;0,9;0;0,12;22;0;1,3;0
GRISSINI INTEGRALI       ;CD;100;443;8,8;58,1;17,2;10,5;3,1;50;659;297;295;2,2;0,2;0,1;4,5;0;0,18;28;0;3,92;0
GROVIERA        ;FO;100;388;30,6;1,5;29;0;0,5;1123;332;80;685;2,3;0,01;0,45;0,1;0;0,11;12;283;0,51;0,22
HALIBUT        ;P;78;110;20,8;0;2,3;0;0,8;47;54;450;222;0,4;0,06;0,08;5,8;0;0,34;12;47;0,85;0
INDIVIA        ;V;69;16;0,9;2,7;0,3;1,6;1,7;93;10;380;31;0,4;0,05;0,3;0,5;35;0,02;156;0;0,57;0
INSALATA DI RISO      ;UN;100;187;5,9;16,1;11,5;1,3;0,8;79;430;121;100;1,3;0,05;0,09;0,8;2;0,07;10;18;2,85;0,11
IRISH MOSS       ;V;100;8;1,5;0;0,2;12,3;8,9;72;67;63;160;1,9;0,01;0,47;0,6;3;0,07;182;0;0,87;0
ITALICO (tipo Bel Paese)     ;FO;100;374;25,4;0,1;30,2;0;0,6;604;630;111;480;2,5;0,07;0,3;0,3;0;0,09;40;217;0,7;0,24
KAKI O LOTI      ;F;97;65;0,6;16;0,3;2,5;0,3;8;4;170;16;0,1;0,02;0,03;0,3;23;0,1;8;0;0,59;0
KIWI        ;F;87;44;1,2;9;0,6;2,6;0,5;25;5;400;70;0,1;0,02;0,05;0,4;85;0,15;38;0;1,12;0
KOMBU   secca     ;A;100;43;7,1;0;1,6;58,7;12,7;900;1830;450;210;6,2;0,07;0,26;2,1;13;0,01;180;0;0,87;0
LAMPONI        ;F;100;34;1;6,5;0,6;7,4;1;49;3;220;52;0,4;0,05;0,02;0,5;25;0,07;39;0;0,57;0
LARDO        ;C;100;891;0;0;99;0;0,1;1;2;1;3;0;0;0;0;0;0;0;0;1;0
LATTE DI BUFALA      ;LA;100;102;4,4;5,1;7,3;0;0,2;160;52;178;117;0,2;0,04;0,12;0,1;3;0,02;6;27;0,09;0,03
LATTE DI CAPRA      ;LA;100;72;3,9;4,7;4,3;0;0,1;141;40;180;106;0,6;0,05;0,11;0,3;1;0,07;1;86;0,05;0,17
LATTE DI MANDORLE      ;LA;100;25;0,6;2,4;1,5;0,4;0,1;7;0;25;15;0,1;0,01;0,01;0,1;0;0;1;0;0,69;0
LATTE DI PECORA      ;LA;100;103;5,3;5,2;6,9;0;0,1;180;30;182;96;0,7;0,06;0,25;0,5;5;0,08;5;53;0,13;0,21
LATTE DI SOIA      ;LA;100;32;2,9;0,8;1,9;0;0,4;13;32;120;47;0,2;0,06;0,27;0,1;0;0,07;19;0;0,74;0
LATTE DI VACCA, CONDENSATO, CON ZUCCHERO   ;LA;100;327;8,7;56,5;9;0;0,2;293;130;390;235;1;0,09;0,43;0,2;3;0,07;15;98;0,17;4,81
LATTE DI VACCA, INTERO     ;LA;100;61;3,1;4,8;3,4;0;0,1;119;50;150;93;0,4;0,04;0,18;0,1;1;0,06;6;40;0,08;0,03
LATTE DI VACCA, INTERO UHT    ;LA;100;61;3,2;4,7;3,4;0;0,3;114;47;150;88;0,4;0,05;0,19;0,1;0;0,04;1;36;0,06;0,03
LATTE DI VACCA, INTERO VITAMINIZZATO    ;LA;100;58;3,1;5;3;0;0;110;50;136;90;0,4;0,1;0,15;1;1;0,06;6;42;2;0,85
LATTE DI VACCA, INTERO, IN POLVERE   ;LA;100;484;25,7;42;24,9;0;0,7;1050;440;1270;728;3,2;0,24;1,31;0,7;4;0,48;46;290;0,61;0,24
LATTE DI VACCA, PARZIALMENTE SCREMATO    ;LA;100;49;3,5;5;1,8;0;0,1;120;46;170;94;0,5;0,04;0,18;0,1;1;0,06;6;19;0,03;0,01
LATTE DI VACCA, PARZIALMENTE SCREMATO UHT   ;LA;100;49;3,6;4,9;1,8;0;0,2;110;42;170;89;0,5;0,04;0,18;0,1;0;0,06;2;18;0,03;0,01
LATTE DI VACCA, PARZIALMENTE SCREMATO VITAMINIZZATO   ;LA;100;45;3,1;5;1,5;0;0,1;110;46;170;90;0,5;0,1;0,15;1;1;0,06;6;42;2;0,85
LATTE DI VACCA, PARZIALMENTE SCREMATO, IN POLVERE  ;LA;100;418;28,8;50,2;12,7;0;0,7;1124;495;1430;879;3,6;0,32;1,8;0,8;6;0,54;49;149;0,31;0,12
LATTE DI VACCA, SCREMATO     ;LA;100;36;3,6;5,3;0,2;0;0,1;122;52;150;97;0,4;0,04;0,18;0,1;1;0,06;5;0;0;0
LATTE DI VACCA, SCREMATO IN POLVERE   ;LA;100;351;33,1;56,2;0,9;0;0,9;1323;550;1650;1030;4;0,35;1,8;0,8;6;0,6;51;8;0,01;0
LATTE DI VACCA, SCREMATO UHT    ;LA;100;36;3,7;5,2;0,2;0;0,2;112;49;150;92;0,4;0,04;0,18;0,1;0;0,05;1;0;0;0
LATTE EVAPORATO       ;LA;100;151;8,4;8,5;9,4;0;0,3;290;180;360;260;0,9;0,07;0,42;0,2;1;0,07;11;105;0,19;0,09
LATTERIA        ;?;100;450;30,7;0;36,4;0;0,3;1057;670;99;610;2,3;0,03;0,68;0,4;0;0,11;12;294;0,58;0,25
LATTERINI        ;P;100;145;14,6;0;9,6;0;0;888;120;360;350;1;0;0,22;6,7;0;0,39;4;113;0,29;11
LATTUGA        ;V;80;19;1,8;2,2;0,4;1,5;0,8;45;9;240;31;0,2;0,05;0,18;0,7;6;0,05;64;0;0,66;0
LATTUGA A CAPPUCCIO      ;V;92;19;1,5;3;0,2;1,3;1,2;53;7;501;25;0,6;0,08;0,18;0,3;27;0,11;79;0;0,79;0
LATTUGA DA TAGLIO      ;V;83;14;1,1;2,2;0,1;1,9;0,9;46;9;264;22;0,3;0,04;0,09;0,4;59;0,06;50;0;0,44;0
LENTICCHIE   secche     ;L;100;325;25;54;2,5;13,7;5,1;127;8;980;347;3,3;0,57;0,2;1,8;3;0,93;110;0;0,52;0
LENTICCHIE IN SCATOLA      ;L;100;61;5;10,7;0,4;5,3;1,2;19;399;208;77;0,5;0,11;0,04;0,4;0;0,17;18;0;0,19;0
LEPRE   COSCIO     ;C;80;121;22,8;0;3,2;0;6,2;64;213;64;226;3,6;0,09;0,06;6,5;0;0,3;5;0;0,13;0
LIEVITO DI BIRRA, COMPRESSO     ;A;100;56;12,1;1,1;0,4;6,9;4,9;13;16;610;394;2,6;0,71;1,65;11,2;0;0,6;1250;0;0;0
LIMETTE        ;A;65;38;0,7;8,8;0,3;3,3;0;60;3;177;25;0,1;0,06;0,03;0,5;11;0,12;12;0;0,29;0
LIMONE        ;A;64;11;0,6;2,3;0;5,2;0,1;14;2;140;11;0,1;0,04;0,01;0,3;50;0,08;11;0;0,19;0
LIMONE SCORZA       ;A;100;69;1,5;16;0,3;4,7;0,8;130;6;160;12;0,1;0,06;0,08;0,4;130;0,17;11;0;0,19;0
LINO  SEMI       ;S;100;373;24,5;0;31;34,8;8,2;198;60;725;660;7,8;0,17;0,16;1,4;0;0;60;0;0,7;0
LIQUIRIZIA DOLCE       ;DO;100;349;3,7;76,7;5,2;2;7,3;170;57;600;44;0,5;0;0;0;0;0;0;0;0;0
LIQUORI DA DESSERT (tra 31 e 35 %vol) ;DO;100;313;0;31;0;0;0;0;6;3;0;0;0;0;0;0;0;0;0;0;0
LUCCIO        ;P;56;80;18,7;0;0,6;0;1,1;20;63;250;220;1,1;0,09;0,07;1,7;4;0,12;15;0;0,17;10,6
LUMACA        ;P;24;98;12,9;7,8;1,7;0;5;57;206;347;141;1,6;0,03;0,11;1,1;0;0,34;6;60;0,13;1,1
LUMACHE DI MARE      ;P;24;137;23,8;7,8;0,4;0;5;57;206;347;141;1,6;0,03;0,11;1,1;4;0,34;6;26;0,13;0
LUPINI  DEAMARIZZATI     ;L;76;114;16,4;7,2;2,4;4,8;5,5;45;5;351;100;1,6;0,1;0,01;0,2;2;0,12;123;0;0;0
MACEDONIA DI FRUTTA IN SCATOLA    ;F;100;57;0,4;14,8;0;1;0,3;5;3;95;9;0,1;0,02;0,01;0,4;4;0,03;5;0;0;0
MAGGIORANA   secca     ;V;100;271;12,7;42,5;7;18,1;82,7;1990;77;1520;310;3,6;0,29;0,32;4,1;0;0;0;0;9,15;0
MAIONESE        ;A;100;655;4,2;2,2;70;0;0,5;18;450;16;28;0,5;0,02;0,04;0;0;0,01;4;86;18,99;0,3
MAIS        ;CR;100;355;9,2;75,8;3,8;2,9;2,4;15;35;287;256;2,2;0,36;0,2;1,5;0;0,62;0;0;0,75;0
MAIS DOLCE IN SCATOLA     ;CR;82;122;2,9;26,6;1,2;3,9;0,5;4;270;220;79;0,5;0,04;0,06;1,5;1;0,13;8;0;0,46;0
MAIS DOLCE, crudo      ;CR;100;93;3,4;17;1,8;3,3;0,7;3;1;260;91;0,4;0,16;0,05;1,9;8;0,15;41;0;0,69;0
MANDARANCI e CLEMENTINE      ;F;87;53;0,8;12,8;0,2;2,2;0,3;30;2;160;19;0,1;0,08;0,07;0,3;37;0,07;33;0;0,24;0
MANDARINI        ;F;80;72;0,9;17,6;0,3;1,7;0,3;32;1;210;19;0,1;0,08;0,07;0,3;42;0,1;49;0;0,24;0
MANDORLE DOLCI       ;CR;24;542;16;4;51,5;14,3;4,6;236;6;860;508;3,1;0,3;0,44;2,1;0;0,15;48;0;23,96;0
MANGO        ;F;100;57;0,7;14,1;0,2;2,9;0,7;12;2;180;16;0,1;0,04;0,05;0,5;37;0,13;36;0;1,05;0
MARGARINA        ;DO;100;760;0,6;0,4;84;0;0;20;800;5;16;0;0;0;0;0;0;0;72;12,3;0
MARGARINA VEGETALE       ;DO;100;746;0;0,2;82,8;0;0,3;4;680;5;12;0;0;0;0;0;0;0;0;32,6;0
MARMELLATA (ALBIC.,FICHI,MELE COT.,PESCHE, PRUGNE]     ;DO;100;209;0,6;55,2;0;2,2;0,8;10;7;90;11;0;0,02;0,03;0,8;3;0;0;0;0;0
MARMELLATA (AMARENE,CILIEGE,UVA,MARASCHE)       ;DO;100;236;0,6;62,3;0;2,4;2;26;11;83;12;0,1;0,05;0,03;0,9;8;0;0;0;0;0
MARMELLATA (NORMALI E TIPO FRUTTA VIVA)   ;DO;100;222;0,5;58,7;0;2,2;1,4;18;12;100;7;0,2;0,02;0,02;0,9;4;0;0;0;0;0
MARMELLATA A RIDOTTO TENORE DI ZUCCHERO   ;DO;100;123;0,5;31,9;0,1;0,8;0,4;19;20;120;15;0;0;0;0;26;0;0;0;0,14;0
MARMELLATA DI ALBICOCCHE      ;DO;100;242;0,7;63,2;0,2;1,2;0,5;20;40;77;11;0,1;0;0,02;0,4;9;0,02;33;0;0;0
MARMELLATA DI ARANCE      ;DO;100;261;0,1;69,5;0;0,7;0,6;35;18;44;13;0,1;0;0;0;10;0;5;0;0;0
MARMELLATA DI PRUGNE      ;DO;100;134;2,1;31,2;0,6;2,6;1;39;10;344;28;0,1;0,01;0,02;1,8;20;0,02;33;0;0;0
MARSALA ALL'UOVO       ;D;100;150;0;12,4;0;0;0;0;0;0;0;0;0;0;0;0;0;0;0;0;0
MARSALA TIPICO       ;D;100;205;0,1;28;0;0;0,4;4;4;97;12;0;0;0,01;0,1;0;0,01;0;0;0;0
MASCARPONE        ;D;100;453;7,6;0;47;0;0,2;68;86;53;97;0,4;0,01;0,22;0,1;0;0,04;11;310;1;0,28
MELA        ;F;94;45;0,2;11;0,3;2;0,3;6;2;120;12;0,1;0,02;0,02;0,3;5;0,11;1;0;0,59;0
MELA  polpa secca      ;F;100;243;0,9;57,2;0,3;8,7;1,4;14;87;450;38;0,2;0;0,16;0,9;4;0,13;0;0;0,55;0
MELA COTOGNA       ;F;79;34;0,3;6,3;1;5,9;0,1;4;3;200;14;0,5;0,02;0,03;0,7;14;0,04;3;0;0,55;0
MELAGRANE        ;F;59;63;0,5;15,9;0,2;2,2;0,3;0;7;290;10;0,4;0,09;0,09;0,2;8;0,31;6;0;0,55;0
MELANZANE        ;V;92;15;1,1;2,6;0,1;2,6;0,3;14;26;184;33;0,2;0,05;0,05;0,6;11;0,08;18;0;0,03;0
MELANZANE SOTT'OLIO       ;V;100;49;1,1;2,5;4;2,5;0,3;13;25;177;32;0,2;0,05;0,05;0,6;11;0,08;17;0;1,95;0
MELONE D'ESTATE       ;F;47;33;0,8;7,4;0,2;0,9;0,3;19;8;333;13;0,3;0,05;0,04;0,6;32;0,11;4;0;0,12;0
MELONE D'INVERNO       ;F;51;22;0,5;4,9;0,2;0,7;0,3;21;24;159;16;0;0,01;0,02;0,5;12;0,05;2;0;0,08;0
MELU' O PESCE MOLO     ;P;65;72;17,4;0;0,3;0;1;31;72;356;218;0,4;0,05;0,08;1,7;2;0,18;12;0;0,44;0
MENTA   fresca     ;A;100;43;3,8;5,3;0,7;5,6;9,5;210;15;260;75;0,9;0,12;0,33;1,1;31;0,09;110;0;5;0
MENTA  secca       ;A;100;279;24,8;34,6;4,6;44,7;6,2;1370;98;1700;490;3,8;0,12;0,33;1,1;0;0,38;110;0;5;0
MERENDINE AL CIOCCOLATO      ;DO;100;352;6,5;60;9,5;2,8;2,2;43;157;200;122;0,7;0,03;0,13;0,6;0;0,03;8;26;1,41;0,25
MERENDINE CON MARMELLATA      ;DO;100;359;5,5;69,8;8,3;1;0,8;11;130;98;55;0,7;0,07;0,17;0,3;0;0,05;13;74;0,73;0,5
MERENDINE FARCITE       ;DO;100;414;6,2;67,6;15,1;1;1,8;17;350;180;172;0,7;0,09;0,12;0,5;0;0,06;10;275;2,83;2,61
MERENDINE TIPO PAN DI SPAGNA    ;DO;100;463;8,3;60,9;22,3;2,5;1,3;10;350;103;117;0,7;0,09;0,12;0,5;0;0,06;10;262;2,83;2,61
MERINGA        ;DO;100;379;5,3;95,4;0;0;0,1;4;110;90;19;0,2;0;0,24;0,1;0;0,01;6;0;0;0
MERLUZZO        ;P;76;71;17;0;0,3;0;0,7;25;77;320;194;0,4;0,05;0,08;2,2;0;0,18;12;0;0,19;0
MERLUZZO SURGELATO       ;P;75;75;17,3;0;0,6;0;0,3;32;77;320;188;0,4;0,03;0,12;1,2;0;0,18;6;0;0,44;0
MIELE        ;DO;100;303;0,6;80,3;0;0;0,5;5;11;51;6;0,9;0;0,04;0,3;1;0,02;2;0;0;0
MIRTILLO NERO       ;F;98;30;0,6;6,9;0,2;2,5;0,5;12;3;88;14;0,2;0,03;0,03;0,4;17;0,05;6;0;1;0
MISO        ;A;100;203;13,3;23,5;6,2;5,4;4,2;73;3650;160;160;3,3;0,08;0,19;1,1;0;0,21;33;0;0,01;0
MONTASIO        ;FO;100;411;30,3;0;32,2;0;0,3;950;757;99;610;2,3;0,03;0,39;0;0;0,11;12;325;0,58;0,25
MORA DI GELSO      ;F;100;36;1,3;8,1;0;1,7;1,6;36;2;260;48;0,2;0,05;0,04;0,4;10;0,06;33;0;0,55;0
MORA DI ROVO      ;F;100;26;1,3;5,7;0;7,3;0,9;63;4;210;24;0,2;0,03;0,04;0,4;20;0,06;41;0;2,84;0
MORTADELLA DI SUINO      ;CI;100;317;14,7;1,5;28,1;0;1,1;19;1054;236;180;1,6;0,19;0,26;3,6;0;0,08;4;0;0,09;0
MORTADELLA DI SUINO E BOVINO    ;CI;100;388;13,3;0,5;37;0;2,2;40;1054;236;180;1,6;0,1;0,15;3,1;0;0,08;4;0;0,09;0
MOZZARELLA        ;FO;100;243;19,9;4,9;16,1;0;0,2;403;137;38;239;4,3;0,05;0,51;0,4;0;0,07;15;146;0,2;0,1
MOZZARELLA DI BUFALA      ;FO;100;240;15,7;3,3;18,3;0;0,2;403;137;38;239;4,3;0,05;0,51;0,4;0;0,09;19;240;0,33;0,16
MUESLI        ;Y;100;364;10,6;71,1;5,9;8,1;5,6;120;380;440;280;2,5;0,5;0,7;6,5;0;1,6;140;0;3,2;0
NATTO        ;L;100;212;17,7;9;11;5,4;8,6;217;7;729;174;3;0,16;0,19;0;13;0,13;8;0;0,01;0
NESPOLE        ;F;66;28;0,4;6,1;0,4;2,1;0,3;16;6;250;11;0,1;0,04;0,05;0,4;11;0,1;14;0;0,89;0
NOCCIOLE        ;N;42;625;13;1,8;62,9;6,7;3,3;150;11;466;322;1,6;0,51;0,1;2,8;4;0,59;72;0;24,98;0
NOCE DI COCCO      ;F;70;351;3,2;3,7;36;12,2;2,1;13;17;370;94;0,5;0,04;0,01;0,5;3;0,05;26;0;0,73;0
NOCE MOSCATA       ;A;100;395;8,8;26,3;29;23,7;9,3;103;16;350;210;2,2;0,09;0,1;0,5;0;0,44;0;0;2,72;0
NOCI   fresche     ;N;58;582;10,5;5,5;57,7;5,2;2,6;131;3;690;238;3;0,58;0,17;0,8;0;0,67;66;0;3,85;0
NOCI  secche       ;N;39;660;15,8;6,3;63,7;6,2;2,1;83;2;368;380;5,3;0,45;0,1;0,9;0;0,67;66;0;3,85;0
NORI   secca     ;N;100;136;30,7;0;1,5;44,4;19,6;430;790;2840;350;6,4;0,24;1,34;5,5;14;0,07;146;0;1;0
OCA        ;CI;70;373;15,8;0;34,4;0;1,8;13;61;270;197;1,7;0,07;0,2;6,4;0;0,35;8;90;1,74;0,5
OLIO DI COCCO      ;O;100;899;0;0;99,9;0;0;0;0;0;0;0;0;0;0;0;0;0;0;0,7;0
OLIO DI COLZA      ;O;100;899;0;0;99,9;0;0,1;0;0;0;0;0;0;0;0;0;0;0;0;22,2;0
OLIO DI GERME DI GRANO    ;O;100;899;0;0;99,9;0;0;0;0;0;0;0;0;0;0;0;0;0;0;136,7;0
OLIO DI MAIS VITAMINIZZATO     ;O;100;899;0;0;99,9;0;0,1;0;0;0;0;0;0;0;0;0;2,5;0;0;90;0
OLIO DI OLIVA      ;O;100;900;0;0;100;0;0;0;0;0;0;0;0;0;0;0;0;0;0;5,1;0
OLIO DI OLIVA EXTRAVERGINE     ;O;100;900;0;0;100;0;0;0;0;0;0;0;0;0;0;0;0;0;0;21,42;0
OLIO DI OLIVA VITAMINIZZATO     ;O;100;900;0;0;100;0;0;0;0;0;0;0;0;0;0;0;1,7;0;0;15;15
OLIO DI PALMA      ;O;100;899;0;0;99,9;0;0,4;0;0;0;0;0;0;0;0;0;0;0;0;33,1;0
OLIO DI SEMI DI ARACHIDI    ;O;100;900;0;0;100;0;0;0;0;0;0;0;0;0;0;0;0;0;0;15,2;0
OLIO DI SEMI DI GIRASOLE    ;O;100;899;0;0;99,9;0;0,1;0;0;0;0;0;0;0;0;0;0;0;0;49,2;0
OLIO DI SEMI DI MAIS    ;O;100;899;0;0;99,9;0;0,1;0;0;0;0;0;0;0;0;0;0;0;0;17,2;0
OLIO DI SEMI VARI     ;O;100;900;0;0;100;0;0;0;0;0;0;0;0;0;0;0;0;0;0;27,42;0
OLIO DI SESAMO      ;O;100;898;0,2;0;99,7;0;0,1;10;2;20;0;0;0,01;0,07;0,1;0;0;0;0;29,1;0
OLIO DI SOIA      ;O;100;899;0;0;99,9;0;0,1;0;0;0;0;0;0;0;0;0;0;0;0;16,1;0
OLIO DI VINACCIOLO      ;O;100;899;0;0;99,9;0;0;0;0;0;0;0;0;0;0;0;0;0;0;31,9;0
OLIVE DA TAVOLA, CONSERVATE     ;V;83;268;1,5;5;27;2,4;3,5;70;1305;287;25;0,4;0;0,1;1,2;20;0,02;0;0;1,99;0
OLIVE NERE  ;V;74;234;1,6;0,8;25,1;2,4;1,6;62;54;432;18;0,5;0,1;0,1;1;20;0,02;0;0;1,99;0
OLIVE VERDI       ;V;84;142;0,8;1;15;4,4;1,6;64;54;432;14;0,4;0,03;0,08;0,5;0;0,02;0;0;1,99;0
OMBRINA   SURGELATA     ;P;63;78;17,2;0,8;0,7;0;0,4;15;120;280;92;0,4;0,23;0,1;4,5;0;0,19;5;0;0,4;0
ORATA   SURGELATA     ;P;69;90;19,8;0;1,2;0;0,4;12;69;309;125;0,5;0,04;0,14;4,3;0;0,19;5;0;0,4;0
ORIGANO   fresco     ;A;100;66;2,2;9,7;2;8,4;8,6;310;3;330;39;0,9;0,07;0,32;6,2;45;1,21;274;0;1,69;0
ORIGANO secco macinato      ;A;100;306;11;49,5;10,3;42,8;44;1580;15;1670;200;4,4;0,34;0,32;6,2;0;1,21;0;0;1,69;0
ORTICA        ;V;100;36;5,9;1,3;0,7;4,1;4,4;590;1;670;92;1,7;0,2;0,15;0,8;175;0,22;220;0;1,68;0
ORZO   PERLATO     ;CR;100;318;10,4;70,5;1,4;9,1;0,7;14;3;120;189;2,1;0,09;0,08;3,1;0;0,22;20;0;0,33;0
ORZO SOLUBILE O CAFFE' D'ORZO, in polvere  ;D;100;372;5,5;80,9;3,4;0,1;4,6;52;73;1840;580;0,5;0;0,1;16,9;0;0,22;20;0;0,33;0
ORZO SOLUBILE O CAFFE' D'ORZO, in tazza  ;D;100;5;0,1;1;0;0;0,1;3;4;24;7;0;0;0;0,2;0;0,03;0;0;0;0
OSTRICA ;P;12;69;10,2;5,4;0,9;0;6;186;510;260;267;45;0,1;0,2;1,5;0;0,16;10;75;0,46;0,54
OVINO CUORE       ;C;100;134;16,9;0,4;7,2;0;5;9;140;280;200;2;0,49;0,8;7,5;3;0,29;2;0;0,48;0,51
OVINO FEGATO       ;C;100;135;19,5;2;5,5;0;12,6;8;67;300;364;3,5;0,4;3,28;13,1;33;0,42;181;14988;0,6;0,39
PALOMBO ;P;65;80;16;1,3;1,2;0;1;31;120;290;218;0,4;0,03;0,03;5,6;0;0,37;3;15;1;9,1
PAN DI SPAGNA      ;DO;100;314;8,5;59,4;6,4;1,2;1,1;24;54;104;102;0,8;0,11;0,24;0,5;0;0,08;18;110;1,02;1
PANCARRE' AMERICANO COMUNE      ;DO;100;267;8,2;46,9;3,6;2,3;3;108;538;119;94;0,6;0,47;0,34;4;0;0,06;34;0;0;0
PANCETTA AFFUMICATA O BACON     ;C;91;276;15,8;0;23,6;0;0,5;6;1260;250;140;1,5;0,45;0,14;4,7;0;0,3;3;0;0,07;0,9
PANCETTA COPPATA       ;C;100;394;20,9;0,7;34,2;0;0,9;22;1595;297;202;2,5;0,58;0,17;5,4;0;0,33;3;0;0,15;0,45
PANCETTA DI MAIALE      ;CI;100;661;8,4;1;69,3;0;1,2;13;108;180;108;1,6;0,36;0,11;1,8;0;0,26;2;0;0,07;0
PANCETTA MAGRETTA       ;CI;100;314;21,7;0;25,3;0;0,7;18;3074;588;140;4,2;0,45;0,14;4,7;0;0,3;3;0;0,07;0,9
PANCETTA TESA       ;CI;100;337;20,9;0;28,1;0;0,8;19;1854;273;140;1,9;0,45;0,14;4,7;0;0,3;3;0;0,07;0,9
PANE AL LATTE      ;PA;100;347;8,6;64,9;7,6;3,1;1,7;70;500;150;140;0;0,1;0,11;0,7;0;0,11;44;78;0,84;0,62
PANE ALLE OLIVE      ;PA;100;286;7;52,6;6,7;3,8;1,8;114;572;142;91;0,9;0,23;0,08;1,3;0;0,07;26;0;0,2;0
PANE COMUNE, pezzatura da 250g    ;PA;100;279;8,1;64,7;0,2;2,8;1,7;64;665;161;100;0,8;0,02;0,03;1,4;0;0,07;29;0;0;0
PANE CONDITO       ;PA;100;284;13,3;56,9;3,4;7,3;1,4;120;630;110;110;0,8;0,03;0,08;1,4;0;0,13;19;0;0,62;0
PANE DI GRANO DURO     ;PA;100;245;10,1;49,1;2,3;9,8;2,8;23;640;336;257;3,2;0,34;0,12;4,4;0;0,33;34;0;0,79;0
PANE DI GRANO E SEGALE    ;PA;100;226;6,2;47,7;1,1;4,6;1,7;17;553;177;127;3,5;0,14;0,07;1,2;0;0,09;24;0;1,2;0
PANE DI SEGALE      ;PA;100;219;8,3;45,8;1,7;5,8;2,5;80;580;190;160;1,3;0,29;0,05;2,3;0;0,09;24;0;1,2;0
PANE DI SEGALE BISCOTTATO     ;PA;100;284;9,4;46,7;3,6;6,4;3,1;80;725;183;138;1,3;0,38;0,33;3,8;0;0,07;39;0;0,61;0
PANE DI SOIA      ;PA;100;276;12;41,7;6,8;4,5;2,2;61;610;482;234;1,3;0,32;0,09;1,1;0;0,19;96;0;0,49;0
PANE GRATTUGIATO       ;PA;100;354;11,6;77,5;1,9;3,4;2,8;130;760;150;120;0,9;0,2;0,04;2,1;0;0,08;25;0;0;0
PANE INTEGRALE       ;PA;100;243;7,5;53,8;1,3;5,7;2,5;25;550;210;180;1,6;0,1;0,12;2,9;0;0,12;39;0;0,2;0
PANE TIPO 0, pezzatura da 100g   ;PA;100;276;8,1;64;0,5;3,8;0,7;17;640;176;77;0,9;0,06;0,06;0,8;0;0,07;29;0;0;0
PANE TIPO 00, pezzatura da 50g   ;PA;100;290;8,2;67,5;0,4;3;0,8;14;640;176;63;0,9;0,04;0,06;0,8;0;0,07;29;0;0;0
PANE TIPO 1, pezzatura > 500g   ;PA;100;267;8,9;60,3;0,6;3,8;1,4;13;665;161;77;0,8;0,08;0,07;1,7;0;0,07;29;0;0;0
PANE TOSTATO       ;PA;100;298;8,8;69,2;0,5;4,1;0,8;18;692;190;83;1;0,06;0,06;0,9;0;0,08;31;0;0;0
PANETTONE        ;DO;100;334;6,4;56,5;10,7;2,8;3;149;38;234;130;0,6;0,13;0,11;0,6;0;0,12;33;102;0,62;0,35
PANINI ALL'OLIO       ;PA;100;302;7,7;58,3;5,8;3,7;1,8;120;630;110;100;0,9;0,25;0,08;1,4;0;0,07;29;0;0;0
PANNA 20% di lipidi (da cucina)   ;DO;100;206;2,8;3,9;20;0;0,1;87;34;91;59;0,5;0,03;0,14;0,1;1;0,05;7;200;0,4;0,14
PANNA 30% di lipidi     ;DO;100;292;2,6;3,2;30;0;0;78;34;100;61;0,3;0,02;0,11;0;1;0,04;7;234;0,86;0,22
PANNA 35% di lipidi     ;DO;100;337;2,3;3,4;35;0;0;78;34;100;61;0,3;0,02;0,11;0;1;0,04;7;234;0,86;0,22
PANNA a basso contenuto di colesterolo   ;DO;100;206;2,8;3,9;20;0;0,1;87;34;91;59;0,5;0,03;0,14;0,1;1;0,05;7;200;0,4;0,14
PAPAYA        ;F;72;36;0,5;8,8;0,1;2,3;0,5;23;5;200;13;0,2;0,03;0,04;0,3;60;0,03;1;0;1,12;0
PAPRIKA   in polvere    ;A;100;306;14,8;34,8;13;20,9;23,6;177;34;2344;345;4,1;0,64;1,74;15,3;71;0,28;0;0;0,8;0
PARMIGIANO        ;FO;100;374;36;0;25,6;0;0,7;1340;446;100;800;4;0,02;0,11;0,1;0;0,1;20;136;0,78;0,24
PASTA ALL'UOVO, fresca      ;PS;100;309;11,8;63,2;2,8;2,9;1,2;24;27;140;169;0,7;0,22;0,09;1;0;0,14;27;38;0,39;0,32
PASTA ALL'UOVO, secca      ;PS;100;368;13;78,6;2,4;3,2;2,1;22;17;164;199;1,3;0,14;0,19;1,2;0;0,17;32;33;0,45;0,37
PASTA DI MANDORLE      ;PS;100;467;8;54,3;25,8;7,2;2,5;119;4;431;254;1,6;0,15;0,22;1,1;0;0,08;24;0;11,98;0
PASTA DI OLIVE      ;PS;100;331;1,4;4,5;34,3;2,2;3,2;63;1175;258;23;0,4;0;0,09;1,1;18;0,02;0;0;2,3;0
PASTA DI SEMOLA      ;PS;100;356;10,8;82,8;0,3;2,6;1,3;17;5;160;165;1,5;0,14;0,11;2;0;0,17;34;0;0;0
PASTA DI SEMOLA INTEGRALE     ;PS;100;324;13,4;66,2;2,5;11,5;3,9;31;130;390;330;3;0,99;0,11;6,2;0;0,39;40;0;0;0
PASTA FROLLA       ;DO;100;480;7,7;61,3;24,3;1,7;1,3;32;103;84;154;0,8;0,15;0,06;0,6;0;0,11;27;196;2,2;0,73
PASTA SFOGLIA       ;PS;100;560;5,6;45,9;40,6;1,6;1,3;84;460;94;69;0,5;0,14;0,02;1;0;0,07;7;175;1,95;1,76
PASTI DIETETICI SOSTITUTIVI      ;UN;100;355;26;41,5;9,4;13,5;21;735;500;750;550;12;1,43;1,34;22;95;1,69;310;419;10,4;2
PASTICCINI AL COCCO      ;DO;100;404;3,6;70,4;12,7;1,8;0,8;7;247;156;43;0,7;0,01;0,11;0,1;0;0,1;3;0;0,29;0
PASTORELLA        ;FO;100;364;26,9;0;28,5;0;0,6;360;463;69;300;1,9;0,05;0,36;0,1;0;0,08;19;275;0,24;0,17
PATATE        ;PT;83;85;2,1;18;1;1,6;0,6;10;7;570;54;0,3;0,1;0,04;2,5;15;0,44;35;0;0,06;0
PATATE DOLCI       ;PT;84;87;1,2;21,3;0,3;2,3;0,7;24;40;370;50;0,3;0,17;0;0,5;23;0,09;17;0;4,56;0
PATATE FECOLA       ;PT;100;349;1,4;91,5;0;0;0,3;10;31;1580;27;1,3;0;0;0;0;0,01;51;0;0,26;0
PATATE NOVELLE       ;PT;96;67;2;15,8;0;1,4;0,6;10;23;367;54;0,5;0,12;0,03;2,4;28;0,44;25;0;0,06;0
PATATE POLVERE ISTANTANEA      ;PT;100;318;9,1;73,2;0,8;16,5;2,4;89;1190;1550;220;1,1;0,04;0,14;5,6;12;0,84;13;0;0,25;0
PATATINE IN SACCHETTO      ;PT;100;536;7;51,2;34,6;4,5;1,6;24;594;1275;165;1,1;0,17;0,2;3,8;31;0,66;45;0;4,88;0
PECORA        ;C;100;293;17;0;25;0;2;10;100;350;200;2;0,12;0,1;3,6;0;0,23;3;12;0,07;0,4
PECORINO        ;FO;100;366;28,5;0;28;0;0,7;1160;1890;94;675;3,5;0,03;0,47;0,2;0;0,09;7;137;0,73;0,5
PECORINO DA GRATTUGIARE      ;FO;100;378;29,5;0;28,9;0;1,8;923;1890;94;675;3,5;0,03;0,47;0,2;0;0,09;7;137;0,73;0,5
PECORINO FRESCO       ;FO;100;332;26;0;25,4;0;0,9;470;1084;129;280;2;0,04;0,21;0,1;0;0,07;23;113;0,37;0,5
PECORINO ROMANO       ;FO;100;379;28,3;0;29,5;0;2,1;1160;1890;94;675;3,5;0,03;0,47;0,2;0;0,09;7;137;0,73;0,5
PEPE NERO       ;A;100;255;10,9;38,3;3,3;26,5;28,9;437;44;1259;173;1,4;0,11;0,24;1,1;21;0,34;10;0;1,03;0
PEPERONCINI PICCANTI       ;A;89;25;1,8;3,8;0,5;1,9;0,5;18;11;395;18;0,3;0,09;0,23;3;229;0,25;21;0;0,8;0
PEPERONI DOLCI       ;V;82;22;0,9;4,2;0,3;1,9;0,7;17;2;210;28;0,2;0,05;0,07;0,5;151;0,27;24;0;0,65;0
PEPERONI GIALLI       ;V;88;22;0,9;5;0,3;0,9;0,7;17;30;117;28;0,2;0,05;0,07;0,5;151;0,25;22;0;0,6;0
PEPERONI SOTT'ACETO       ;V;100;15;0,8;1,7;0,6;1,9;2,6;36;1248;131;20;0,2;0,03;0,03;0,6;16;0,18;16;0;0,62;0
PERA        ;F;91;41;0,3;9,5;0,4;2,8;0,3;6;2;130;11;0,1;0,01;0,03;0,1;4;0,02;2;0;0,5;0
PESCA        ;F;91;27;0,8;6,1;0,1;2,1;0,4;4;3;260;20;0,1;0,01;0,03;0,5;4;0,02;3;0;0,97;0
PESCA SCIROPPATA       ;F;100;87;0,4;22,9;0;1;0,4;4;1;150;10;0;0,01;0,02;0,6;4;0,02;7;0;0,89;0
PESCE PERSICO       ;P;43;75;15,4;0;1,5;0;0,9;80;92;80;200;1,1;0,07;0,1;2,9;2;0,12;5;9;0,2;0
PESCE SPADA       ;P;98;109;16,9;1;4,2;0;0,4;4;90;288;263;0,4;0,04;0,1;3,3;1;0,33;2;36;0,5;11
PICCIONE ADULTO       ;C;53;187;18,4;0,3;12,5;0;1,5;12;47;237;250;2,7;0,08;0,15;7,5;0;0,53;7;0;0,1;0,4
PICCIONE GIOVANE       ;C;90;138;22,1;0;5,5;0;1,5;12;55;260;200;2,7;0,08;0,15;7,5;0;0,53;4;0;0,1;0,4
PINOLI        ;N;29;567;29,6;5;47,8;1,9;2;40;1;780;466;6,5;0,39;0,25;2,7;0;0,11;57;0;9,5;0
PISELLI   freschi     ;L;47;76;7;12,4;0,2;5,2;1,8;47;1;202;101;0,7;0,42;0,18;1;28;0,12;62;0;0,21;0
PISELLI IN SCATOLA      ;L;100;53;5,8;6,8;0,8;9,7;1,7;30;306;128;73;1,1;0,13;0,1;2,1;8;0,06;20;0;0,22;0
PISELLI IN SCATOLA SGOCCIOLATI     ;L;67;53;5,8;6,8;0,8;9,7;1,7;30;306;128;73;1,1;0,13;0,1;2,1;8;0,06;20;0;0,22;0
PISELLI secchi       ;L;100;306;21,7;53,6;2;15,7;4,5;48;38;990;320;2,6;0,58;0,15;2,2;4;0,13;33;0;0;0
PISELLI SURGELATI       ;L;100;54;5,7;7,5;0,4;7,8;1,5;33;3;190;90;0,9;0,32;0,1;2,1;17;0,1;78;0;0,18;0
PISTACCHI   freschi     ;N;100;390;12,8;16,4;32,6;1,5;2,8;65;9;501;164;1,3;0,5;0,3;1;1;0,25;58;0;5,21;0
PISTACCHI secchi       ;N;50;577;20,6;14;48,4;10,8;6,8;135;6;1093;503;1,3;0,82;0,17;1,1;7;0,25;58;0;5,21;0
PISTACCHI tostati e salati     ;N;100;601;17,9;8,2;55,4;6,1;3;110;530;1040;420;2,2;0,7;0,23;1,7;0;0,25;58;0;4,16;0
PIZZA CON POMODORO      ;PI;100;247;4;51,9;4;3,1;0;12;210;176;49;0,7;0,23;0,1;1,9;0;0,23;62;0;1,83;0
PIZZA CON POMODORO E MOZZARELLA    ;PI;100;271;5,6;52,9;5,6;3,8;0;12;986;302;48;1,4;0,2;0,19;0;7;0,18;52;32;1,28;0,02
POLENTA        ;PS;100;183;4,4;40,8;1,4;1,3;0,9;3;1;65;50;0,5;0,18;0,05;1;0;0;0;0;0;0
POLLO   INTERO     ;C;68;175;19,1;0;11;0;1,5;11;70;260;194;1,1;0,06;0,16;6,5;0;0,3;9;0;0,15;0,6
POLLO ALI       ;C;66;193;20,3;0;12,4;0;0,6;6;60;320;180;0,8;0,12;0,22;8,3;0;0,38;11;17;0,14;0,6
POLLO COSCIA       ;C;80;130;17,9;0;6,5;0;2;18;89;300;192;1,4;0,08;0,2;4,7;3;0,23;8;10;0,17;0,5
POLLO FEGATINI       ;C;100;122;20,5;0;4,5;0;4,5;14;76;260;220;3,7;0,16;1,36;8,2;12;0,82;995;951;1,17;0,39
POLLO PETTO       ;C;100;97;22,2;0;0,9;0;1,6;19;72;330;200;0,7;0,06;0,12;13;0;0,51;14;0;0,13;0,2
POLLO REGAGLIE       ;C;100;196;13,9;0,1;15,6;0;3;14;82;250;230;2,8;0,25;0,36;4,6;12;0,29;530;5500;0,71;0,6
POLPO        ;P;90;57;10,6;1,4;1;0;0;144;230;350;189;1,7;0,03;0,04;2,1;0;0,36;16;25;1,2;0
POLPO SURGELATO       ;P;100;51;12,4;0;0,2;0;0;144;230;350;189;1,7;0,03;0,04;2,1;0;0,36;16;25;1,2;0
POMODORI DA INSALATA      ;V;100;17;1,2;2,8;0,2;1,1;0,4;11;3;290;26;0,2;0,03;0,03;0,7;21;0,12;14;0;1,03;0
POMODORI MATURI       ;V;100;19;1;3,5;0,2;0,9;0,3;9;6;297;25;0,2;0,02;0;0,8;25;0,12;15;0;1,06;0
POMODORI PELATI, IN SCATOLA CON LIQUIDO   ;V;100;21;1,2;3;0,5;0,9;0,2;9;9;230;24;0,3;0;0;0,8;18;0,1;10;0;1,08;0
POMODORI SECCHI       ;V;100;258;14,1;43,5;3;12,3;9,1;110;2;3;356;2;0,53;0,49;9,1;39;0,33;68;0;0,01;0
POMODORI SOTT'OLIO       ;V;100;213;5,1;17,5;14,1;5,8;2,7;47;266;1565;139;0,8;0,19;0,38;3,6;102;0,32;23;0;1,93;0
POMODORO CONCENTRATO (sostanza secca 18%)    ;V;100;50;0,9;11,4;0,4;2,3;1;15;3;225;31;0,7;0,07;0,06;0,9;28;0,44;54;0;5,37;0
POMODORO CONCENTRATO (sostanza secca 25%)    ;V;100;71;4,4;16,4;0,6;2,5;1,6;41;172;213;52;0,8;0,24;0,19;4,1;42;0,44;54;0;5,37;0
POMODORO CONSERVA (sostanza secca 30%)    ;V;100;96;3,9;20,4;0,4;2;2,2;27;20;250;85;0,7;0,2;0,1;3,1;43;0,44;54;0;5,37;0
POMPELMO        ;F;70;26;0,6;6,2;0;1,6;0,3;17;1;230;16;0,1;0,05;0,03;0,2;40;0,02;21;0;0,15;0
POMPELMO ROSA       ;F;70;30;0,6;7,7;0,1;1,6;0,1;11;0;129;9;0,1;0,03;0,02;0,2;38;0,04;12;0;0,19;0
POP CORN       ;SN;100;383;12,7;76,7;5;2,2;2,7;11;4;301;281;3,4;0,2;0,12;2,2;0;0,25;23;0;0,12;0
PORRI        ;V;77;29;2,1;5,2;0,1;2,9;0,8;54;9;310;57;0,2;0,06;0,08;0,5;9;0,64;74;0;1,22;0
PORTO        ;D;100;157;0,1;12;0;0;0,4;4;4;97;12;0;0;0,01;0,1;0;0,01;0;0;0;0
PREZZEMOLO   fresco     ;A;80;20;3,7;0;0,6;5,6;4,2;220;20;670;75;0,9;0,1;0,21;0,6;162;0,07;129;0;1,29;0
PREZZEMOLO secco       ;A;100;181;15,8;14,5;7;44,7;41,5;1080;180;4090;340;3,8;0,33;0,32;5,4;120;0,38;180;0;9,15;0
PROSCIUTTO COTTO       ;CI;100;215;19,8;0,9;14,7;0;1,9;17;1734;608;250;6,9;0,4;0,15;3,2;0;0,22;0;0;0,08;0
PROSCIUTTO COTTO, AFFUMICATO      ;CI;100;215;19,8;0,9;14,7;0;1,9;17;1734;608;250;6,9;0,4;0,15;3,2;0;0,22;0;0;0,08;0
PROSCIUTTO COTTO, MAGRO      ;CI;100;132;22,2;1;4,4;0;1,5;14;1390;587;200;6,5;0,52;0,25;2,6;0;0,22;0;0;0,05;0
PROSCIUTTO CRUDO       ;CI;100;370;22,2;0;31,2;0;1,2;20;2378;281;177;5,2;0,91;0,26;5;0;0,62;1;0;0,11;0,9
PROSCIUTTO CRUDO, AFFUMICATO      ;CI;100;218;28,6;0;11,5;0;2,2;23;2733;373;190;5,2;0,58;0,25;6,5;0;0,62;1;0;0,11;0,9
PROSCIUTTO CRUDO, MAGRO      ;CI;100;218;28,6;0;11,5;0;2,2;23;2733;373;190;5,2;0,58;0,25;6,5;0;0,62;1;0;0,11;0,9
PROVOLA AFFUMICATA       ;FO;100;260;21,2;0;19,6;0;0,8;290;299;36;420;2,3;0,03;0,31;0,1;0;0,09;19;139;0,33;0,16
PROVOLONCINO DOLCE       ;FO;100;348;25;2,1;26,6;0;0,8;850;699;108;496;3,4;0,02;0,32;0,6;0;0,07;10;335;0,35;0,16
PROVOLONE        ;FO;100;374;26,3;2,1;28,9;0;0,5;881;860;136;576;3,4;0,02;0,83;0,6;0;0,07;10;293;0,35;0,16
PROVOLONE PICCANTE       ;FO;100;400;29,4;2,1;30,4;0;0,7;789;1927;79;576;4,4;0,02;0,32;0,6;0;0,07;10;293;0,35;0,16
PRUGNE        ;F;89;42;0,5;10,5;0,1;1,4;0,2;13;2;190;14;0;0,08;0,05;0,5;5;0,04;2;0;0,47;0
PRUGNE REGINA CLAUDIA      ;F;95;41;0,8;9,7;0,1;2,3;0,4;17;1;310;23;0,1;0,05;0,04;0,6;5;0,05;3;0;0,7;0
PRUGNE secche       ;F;88;220;2,2;55;0,5;9;3,9;59;8;824;85;0,4;0,18;0,02;1;3;0,21;3;0;1,79;0
QUAGLIA        ;C;67;161;25;0;6,8;0;1,5;12;40;175;200;2,7;0,08;0,15;7,5;0;0,6;8;73;0,05;0,5
RADICCHIO ROSSO       ;V;72;13;1,4;1,6;0,1;3;0,3;36;7;180;30;0,2;0,07;0,05;0,3;10;0,07;13;0;0,57;0
RADICCHIO VERDE       ;V;95;14;1,9;0,5;0,5;1;7,8;115;14;357;45;0,4;0,06;0,53;0,3;46;0,02;29;0;0,57;0
RANA        ;P;35;64;15,5;0;0,2;0;6;20;55;310;430;2;0,16;0,06;1,2;0;1,2;10;0;0,8;0,5
RANA PESCATRICE       ;P;33;63;12,8;0,6;1;0;0,4;28;18;400;165;0,4;0,12;0,05;0,9;1;0,24;7;8;0,4;0
RAPE        ;V;69;18;1;3,8;0;2,6;0,6;40;58;240;29;0,1;0,02;0,07;0,9;23;0,06;11;0;0;0
RAVANELLI        ;V;99;11;0,8;1,8;0,1;1,3;0,9;39;59;240;29;0,1;0,03;0,02;0,4;18;0,07;38;0;0;0
RAZZA        ;P;35;68;14,2;0,7;0,9;0;1;31;130;222;218;0,5;0,03;0,04;2,5;0;0,37;5;15;0,4;0
RHUM        ;D;100;222;0;0;0;0;0,1;0;1;2;5;0,1;0,01;0;0;0;0;0;0;0;0
RIBES NERO       ;F;98;28;0,9;6,6;0;7,8;1,3;60;3;370;43;0,3;0,03;0,06;0,3;200;0,08;16;0;1;0
RIBES ROSSO       ;F;97;21;1,1;4,4;0;7,4;1,2;36;2;280;30;0,2;0,04;0,06;0,1;40;0,05;11;0;0,1;0
RICOTTA DI PECORA      ;FO;100;271;8,4;3,2;25,1;0;0,6;84;256;37;196;0,2;0,03;0,18;0,2;1;0,08;5;10;0,11;0,18
RICOTTA DI VACCA      ;FO;100;136;12,2;4;8;0;0,5;394;100;110;170;1,3;0,02;0,19;0,1;0;0,03;6;185;0,03;0,03
RICOTTA DI VACCA E PECORA    ;FO;100;204;10,3;3,6;16,6;0;0,6;239;178;74;183;0,8;0,03;0,19;0,2;1;0,06;6;98;0,07;0,11
RICOTTA INTERA, TIPO TEDESCO     ;FO;100;109;12,5;3,6;5,1;0;0,4;85;35;87;165;0,5;0,04;0,27;0,1;1;0,03;6;40;0,03;0,03
RICOTTA MAGRA TIPO TEDESCO     ;FO;100;72;13,5;4,1;0,2;0;0,4;92;40;95;160;0,6;0,04;0,3;0,2;1;0,03;6;2;0,03;0,03
RISO   BRILLATO     ;CR;100;362;7;87,6;0,6;1,4;0,6;6;6;110;120;1,3;0,06;0,03;1,3;0;0,3;20;0;0,06;0
RISO SBRAMATO (INTEGRALE)      ;CR;100;357;6,7;81,3;2,8;3,8;1,4;10;3;250;310;1,8;0,59;0,07;5,3;0;0,51;49;0;0,8;0
RISO SOFFIATO       ;CR;100;369;6,1;89,7;0,9;1,1;6,7;20;1260;150;130;1,1;1;1,5;16;0;1,8;250;0;0,6;0
RISO TIPO PARBOILED      ;CR;100;364;6,7;79,3;1;2,2;1,2;7;2;150;130;2;0,2;0,08;2,6;0;0,35;11;0;0,13;0
ROBIOLA        ;FO;100;309;18,9;0;25,9;0;0,7;704;1110;96;374;4,1;0,05;0,24;0,8;0;0,08;19;275;0,24;0,17
ROCHEFORT        ;D;100;375;19,7;0;32,9;0;0,4;530;1670;31;400;1,6;0,04;0,65;0,5;0;0,09;45;295;0,55;0,18
ROMBO        ;P;55;81;16,3;1,2;1,3;0;1,2;38;83;319;264;0,2;0,05;0,11;3,7;0;0,21;8;0;0,4;0
ROSMARINO   fresco     ;A;100;96;1,4;13,5;4,4;7,7;8,5;370;15;280;20;0,9;0,1;0,21;1;29;0,09;0;0;1,5;0
ROSMARINO secco       ;A;100;331;4,9;46,4;15,2;17,7;29,3;1280;50;950;70;3,2;0,1;0,32;1;0;0,38;0;0;9,15;0
RUCOLA        ;V;40;25;2,6;2,1;0,7;1,6;1,5;160;27;369;52;0,4;0,04;0,09;0,3;15;0,07;97;0;0,43;0
SALAME CACCIATORE       ;CI;100;424;28,5;1,2;34;0;1,8;59;2064;600;356;5;0,28;0,16;2,5;0;0,15;3;0;0,28;0
SALAME DA CUOCERE      ;C;100;326;36;1,5;19,6;0;1,6;50;2339;707;356;5,4;0,17;0,15;5,9;0;0,36;3;0;0,23;0
SALAME DI SUINO      ;CI;97;475;22,5;0;42,8;0;2,4;21;1850;160;246;1,7;0,32;0,2;5;0;0,15;3;0;0,28;0
SALAME DI SUINO E BOVINO    ;CI;97;454;27,4;0;38,3;0;2,4;21;1019;180;246;1,9;0,32;0,2;2,6;0;0,18;5;0;0,22;0
SALAME FABRIANO       ;CI;100;421;26,5;1,5;34,3;0;1,5;65;2391;646;356;5,4;0,15;0,1;2,5;0;0,15;3;0;0,28;0
SALAME FELINO       ;CI;100;375;30,5;0,5;27,9;0;2,1;20;2502;716;356;6,4;0,34;0,26;2,5;0;0,15;3;0;0,28;0
SALAME MILANO       ;CI;100;390;26,7;1,5;30,9;0;1,6;50;2339;707;356;5,4;0,24;0,21;2,5;0;0,15;3;0;0,28;0
SALAME NAPOLI       ;CI;100;358;26,7;1,7;27,3;0;1,6;51;2688;784;356;6;0,16;0,14;2,5;0;0,36;3;0;0,23;0
SALAME NOSTRANO       ;CI;100;370;27,3;1,1;28,5;0;1,9;65;2529;759;356;6,3;0,18;0,26;2,5;0;0,15;3;0;0,28;0
SALAME UNGHERESE       ;CI;100;406;24,2;0,7;34;0;1,6;68;2266;633;356;5;0,17;0,25;2,5;0;0,15;3;0;0,28;0
SALATINI        ;SN;100;514;7,2;71,1;24,3;3,3;2,2;38;1180;260;220;1,3;0,5;0,1;5,3;0;0,25;25;0;2,68;0
SALE da cucina      ;A;100;0;0;0;0;0;0,3;10;39300;89;1;0,1;0;0;0;0;0;0;0;0;0
SALMONE        ;P;79;180;20,2;0;11;0;0,4;21;45;360;250;0,6;0,23;0,13;7,2;0;0,75;16;13;1,91;8
SALMONE AFFUMICATO       ;P;100;142;25,4;0;4,5;0;0,6;19;1880;420;250;0,4;0,16;0,17;8,8;0;0,28;2;13;1,35;0
SALMONE IN SALAMOIA      ;P;98;188;21,1;0;11,5;0;0,8;66;540;300;286;0,8;0,05;0,19;7;0;0,21;14;60;1,52;17
SALSICCIA DI FEGATO      ;C;100;424;12,4;0,9;41,2;0;5,3;41;810;143;154;2,7;0,24;0,92;3,6;2;0,17;23;102;2,15;1,09
SALSICCIA DI SUINO E BOVINO, fresca   ;C;100;394;14,2;0;37,4;0;3,2;18;1019;180;175;1,9;0,2;0,08;3;0;0,18;5;0;0,22;0
SALSICCIA DI SUINO, fresca     ;C;100;304;15,4;0,6;26,7;0;2,8;20;1100;200;173;1,2;0,34;0,03;4;0;0,07;1;0;0,24;0
SALSICCIA DI SUINO, secca     ;C;100;514;22;0;47,3;0;4,3;31;1702;309;266;1,2;0,31;0,2;4,6;0;0,06;1;0;0,43;0
SALVIA   fresca     ;A;100;119;3,9;15,6;4,6;14,7;10,3;600;4;390;33;1,7;0,11;0,34;5,7;0;1,21;0;0;1,69;0
SALVIA secca macinata      ;A;100;315;10,6;42,7;12,7;18,1;28,1;1650;11;1070;91;4,7;0,11;0,34;5,7;0;0,38;0;0;9,15;0
SARAGO        ;P;54;103;15;1;4,4;0;1,2;38;77;350;264;0,5;0,08;0,1;2,8;0;0,19;5;48;0,4;0
SARDA        ;P;70;129;20,8;1,5;4,5;0;1,8;33;66;630;215;0,8;0,02;0,25;9,7;0;0,33;3;28;0,12;4,5
SARDINE SALATE       ;PC;48;133;25,1;0;3,6;0;0,8;540;530;320;510;0,9;0,01;0,26;4,4;0;0,16;8;12;0,29;4,6
SARDINE SOTT'OLIO       ;PC;73;198;22,3;0;12,1;0;2,8;613;480;410;368;2,2;0,12;0,34;7,4;0;0,18;8;6;0,27;4,3
SCALOGNO        ;V;72;20;1,5;3,3;0,2;1,5;0,8;24;10;180;50;0,4;0,04;0,06;0,6;13;0,2;17;0;0,31;0
SCAMORZA        ;FO;100;209;22,7;7,2;10,1;0;0,2;392;137;38;229;4,3;0,05;0,51;0,4;0;0,09;19;240;0,33;0,16
SCAMORZA AFFUMICATA       ;FO;100;209;22,7;7,2;10,1;0;0,2;392;137;38;229;4,3;0,05;0,51;0,4;0;0,09;19;240;0,33;0,16
SCAROLA        ;V;60;15;1,6;1,7;0,2;1,5;0,3;30;9;240;23;0,2;0,06;0,07;0,4;15;0,02;156;0;0,57;0
SCIROPPO DI MALTO      ;DO;100;318;6,2;71,3;0;0;1;61;35;320;236;0,1;0,01;0,39;8,1;0;0,5;12;0;0;0
SCIROPPO PER BIBITE      ;DO;100;297;0,3;79;0;0;1,5;26;270;240;20;0,1;0;0;0;0;0;0;0;0;0
SCORZONERA        ;A;59;27;1,3;10,2;0,3;3,2;0,9;42;5;310;42;0,2;0,06;0,01;0,2;3;0,07;57;0;0,19;0
SEDANO        ;V;80;20;2,3;2,4;0,2;1,6;0,5;31;140;280;45;0,1;0,06;0,19;0,2;32;0,07;38;0;0,48;0
SEDANO RAPA       ;V;72;23;1,9;3,8;0,1;5,1;0,5;52;91;460;90;0,3;0,07;0,11;0,5;6;0,08;51;0;0,52;0
SEGO DI BUE      ;C;100;872;0,8;0;96,5;0;0;0;0;0;7;0;0;0;0;1;0;0;224;2,7;0
SEMOLA        ;CR;100;341;11,5;77,6;0,5;3,6;1,3;17;12;170;165;0,6;0,19;0,15;2;0;0,15;22;0;0;0
SEPPIA        ;P;50;72;14;0,7;1,5;0;0,8;27;97;273;143;1,2;0,11;0,04;0,9;0;0,39;13;25;1,2;0
SEPPIA SURGELATA       ;P;98;63;14,1;0,7;0,4;0;0,8;27;94;273;143;1,2;0,1;0,04;0,9;0;0,39;13;0;1,2;0
SGOMBRO FILETTI SOTT'OLIO      ;P;88;201;25,3;1;10,7;0;0,9;32;224;92;280;0,5;0,15;0,22;6;0;0,12;1;125;0,59;2,9
SGOMBRO O MACCARELLO      ;P;80;168;17;0;11,1;0;1,2;38;130;360;264;0,5;0,1;0,25;7,6;0;0,34;1;45;0,25;2,9
SGOMBRO O MACCARELLO IN SALAMOIA    ;P;100;177;19,3;0;11,1;0;2,1;185;232;95;274;2,3;0,06;0,21;5,8;0;0,12;1;129;0,43;3
SHOYU salsa di soia e grano   ;A;100;53;5,2;7,7;0,1;0,8;2;17;5715;180;110;0,4;0,05;0,13;3,4;0;0,17;16;0;0;0
SODA DOLCE       ;D;100;22;0;5,8;0;0;0;5;7;15;0;0;0;0;0;0;0;0;0;0;0
SOFFICINI AL FORMAGGIO SURGELATI     ;SN;100;278;7,2;28,6;15,8;1,4;0,3;112;460;150;210;1,3;0,23;0,12;0,2;1;0,06;8;110;0,6;0,46
SOGLIOLA        ;P;48;86;16,9;0,8;1,7;0;0,8;12;120;280;195;0,4;0,05;0,05;1,7;0;0,19;5;0;0,4;0
SOGLIOLA SURGELATA       ;P;48;84;17,3;0,8;1,3;0;0,4;11;120;280;174;0,4;0,08;0,12;3,8;0;0,19;5;0;0,4;0
SOIA   SEMI     ;A;100;398;36,9;23,3;18,1;11,9;6,9;257;4;1740;591;4,3;0,99;0,52;2,5;0;0,38;370;0;2,9;0
SOIA BISTECCA       ;A;100;329;47;20,9;1,2;17,5;9,2;241;20;2384;674;2,5;0,7;0,25;2,6;0;0,57;305;0;0,2;0
SOIA GERMOGLI       ;A;98;49;6,2;3;1,4;1,1;1;48;30;218;67;1,2;0,23;0,2;0,8;13;0,18;172;0;0,2;0
SOTTILETTE        ;FO;100;330;20,8;0,9;27;0;0,5;600;1320;130;800;3,2;0,03;0,28;0,1;0;0,08;18;270;0,55;0,21
SPECK        ;CI;100;301;28,3;0,5;20,9;0;1,8;19;2752;855;170;4,4;0,14;0,14;1,1;0;0,62;1;0;0,11;0,9
SPIGOLA        ;P;54;82;16,5;0,6;1,5;0;1,1;20;69;256;202;0,3;0,11;0,16;3;0;0,3;9;15;0,5;0
SPINACI        ;V;83;31;3,4;3;0,7;1,9;2,9;78;100;530;62;0,4;0,07;0,37;0,4;54;0,17;150;0;1,71;0
SPINACI IN SCATOLA      ;V;63;19;2,8;0,8;0,5;3,1;1,9;120;200;290;36;0,5;0,02;0,05;0,4;14;0,1;98;0;1,71;0
SPREMUTA DI ARANCIA      ;D;100;33;0,5;8,2;0;0;0,2;15;2;180;17;0;0,05;0,03;0,4;44;0,06;24;0;0,15;0
SPREMUTA DI POMPELMO      ;D;100;30;0,3;7,9;0;0;0,4;13;9;123;13;0,4;0,03;0,02;0,2;28;0,03;24;0;0,17;0
SPUMANTI AROMATICI       ;D;100;82;0,2;5,1;0;0;0,6;14;13;110;13;0;0;0,01;0,1;0;0,01;0;0;0;0
SPUMANTI DEMItr       ;D;100;71;0,1;2,5;0;0;0,5;9;5;58;9;0;0;0,01;0,1;0;0,02;0;0;0;0
SPUMANTI SECCHI       ;D;100;65;0,1;0,7;0;0;0,5;9;4;61;6;0;0;0,01;0,1;0;0,02;0;0;0;0
STARNA   COSCIO     ;C;64;113;26,4;0;2,6;0;4,5;34;115;37;200;1,9;0,08;0,31;4,6;0;0,35;28;0;0;0,4
STOCCAFISSO   ammollato     ;P;85;92;20,7;0,3;0,9;0;0,6;9;136;407;163;0,4;0,01;0,08;1;0;0,18;12;0;0,44;0
STOCCAFISSO secco       ;P;78;358;80,1;1,1;3,5;0;3,3;60;500;1500;450;1,6;0,14;0,5;3,5;0;0,86;25;0;0,6;0
STRACCHINO        ;FO;100;300;18,5;0;25,1;0;0,3;567;414;62;374;1,7;0,05;0,36;0,1;0;0,08;19;275;0,24;0,17
STRUTTO O SUGNA      ;C;100;892;0,3;0;99;0;0;0;2;1;3;0;0;0;0;0;0;0;0;1;0
SUCCO DI ALBICOCCA, CONSERVATO     ;D;100;47;0,3;12;0,1;0,2;0,4;9;3;70;13;0,1;0,01;0,01;0,3;60;0,02;1;0;0,08;0
SUCCO DI ANANAS, CONSERVATO     ;D;100;56;0,3;13,6;0,1;0,2;0,3;17;1;134;8;0,1;0,06;0,02;0,3;11;0,1;23;0;0,02;0
SUCCO DI ARANCIA E POMPELMO non zuccherato  ;D;100;43;0,6;10,2;0,1;0,1;0,5;8;3;158;14;0,1;0,06;0,03;0,3;29;0,02;14;0;0,07;0
SUCCO DI ARANCIA, CONCENTRATO     ;D;100;185;2,9;44,9;0,5;0;0,4;36;10;880;83;0,2;0,31;0,13;1,3;210;0,25;90;0;0,68;0
SUCCO DI ARANCIA, CONSERVATO, non zuccherato   ;D;100;36;0,5;8,8;0,1;0,1;0,2;10;10;150;13;0;0,08;0,02;0,2;39;0,07;20;0;0,17;0
SUCCO DI BARBABIETOLA, FRESCO     ;D;100;14;0,8;2,9;0;1,9;0,3;14;60;214;15;0,3;0,02;0,01;0,1;5;0,01;72;0;0;0
SUCCO DI CAROTE, CONSERVATO     ;D;100;24;0,5;5,7;0,1;0,6;0,2;16;51;240;25;0,1;0,03;0,07;0,7;6;0,14;12;0;0,56;0
SUCCO DI FRUTTA, CONSERVATO     ;D;100;56;0,3;14,5;0,1;0,2;0,3;8;7;70;11;0,1;0,01;0,03;0,3;60;0,04;1;0;0;0
SUCCO DI LIMONE, CONSERVATO     ;D;100;21;0,4;6,1;0,3;0,4;0,1;11;21;102;9;0,1;0,04;0,01;0,2;25;0,04;10;0;0,09;0
SUCCO DI LIMONE, FRESCO     ;D;100;6;0,2;1,4;0;0;0,2;14;2;140;10;0;0,02;0,02;0,2;43;0,05;13;0;0,19;0
SUCCO DI MANDARINO, CONSERVATO, non zuccherat   ;D;100;50;0,5;11,8;0,2;0,2;0,2;18;1;178;14;0;0,06;0,02;0,1;32;0,03;5;0;0,09;0
SUCCO DI MANDARINO, FRESCO     ;D;100;43;0,5;9,9;0,2;0,2;0,2;18;1;178;14;0;0,06;0,02;0,1;31;0,04;5;0;0,09;0
SUCCO DI MELA, CONSERVATO, non zuccherato   ;D;100;38;0,1;9,9;0,1;0;0,1;7;2;110;6;0;0,01;0,01;0,1;14;0,02;4;0;0;0
SUCCO DI MELAGRANA, FRESCO     ;D;100;44;0,2;11,6;0;0;0,2;3;1;200;8;0,1;0,02;0,03;0,2;8;0,31;6;0;0,55;0
SUCCO DI PERA, CONSERVATO     ;D;100;60;0,1;15,2;0;0,6;0,3;5;4;13;3;0,1;0;0,01;0,1;1;0,01;1;0;0,1;0
SUCCO DI PESCA, CONSERVATO     ;D;100;54;0,3;13,3;0;0,6;0,2;5;7;40;6;0,1;0;0,01;0,3;5;0,01;1;0;0,01;0
SUCCO DI POMODORO, CONSERVATO     ;D;100;14;0,8;3;0;0,6;0,4;10;230;230;19;0,1;0,02;0,02;0,7;8;0,06;10;0;1,01;0
SUCCO DI POMPELMO, CONSERVATO, non zuccherato   ;D;100;33;0,4;8,3;0,1;0;0,2;14;7;100;11;0;0,04;0,01;0,2;31;0,02;6;0;0,19;0
SUCCO DI POMPELMO, CONSERVATO, zuccherato    ;D;100;46;0,6;11;0,1;0,1;0,4;8;2;162;11;0,1;0,04;0,02;0,3;27;0,02;10;0;0,05;0
SUCCO DI SPINACI      ;D;100;10;1,4;0,5;0,3;0,9;1,4;1;73;412;44;0,2;0,03;0,17;0,2;29;0,08;70;0;0,79;0
SUCCO DI UVA, CONSERVATO, non zuccherato   ;D;100;46;0,3;11,7;0,1;0;0,9;19;7;55;14;0,1;0;0,01;0,1;0;0,04;1;0;0;0
SUCCO TROPICALE, CONSERVATO      ;D;100;47;0,2;11,6;0,1;0;0,3;7;14;61;6;0,1;0,03;0,02;0,3;46;0,04;11;0;0;0
SUINO BISTECCA       ;C;75;100;18,3;0;3;0;1,5;8;76;370;223;1,8;1,12;0,18;4,5;0;0,59;1;0;0,05;0,5
SUINO CARNE MAGRA      ;C;100;141;19,9;0;6,8;0;1,7;8;76;370;176;2,9;0,4;0,11;4,8;0;0,5;1;0;0;0,5
SUINO CARNE SEMIGRASSA    ;C;100;268;17,2;0;22,1;0;1,4;7;59;300;158;1,3;0,38;0,1;4;0;0,62;1;0;0,11;0,9
SUINO COSCIO       ;C;100;102;18,7;0;3;0;1,6;12;76;370;233;1,8;1,35;0,2;4,5;0;0,56;1;0;0,05;0,5
SUINO CUORE       ;C;100;159;18,3;0,4;9,4;0;5,3;35;80;300;245;2,3;0,4;1,27;6,1;5;0,37;3;5;0,45;0,85
SUINO FEGATO       ;C;100;140;22,8;1,5;4,8;0;18;10;108;356;362;7;0,4;2,98;14,5;23;0,59;295;16500;0,51;1,7
SUINO SANGUE       ;C;100;78;19;0,1;0,2;0;0,2;10;207;185;49;0,3;0,02;0,09;0,6;0;0;4;11;0,4;0,1
SURIMI        ;P;100;99;15,2;6,9;0,9;0;0,3;9;143;112;282;0,3;0,02;0,02;0,2;0;0,03;2;20;0,44;0
TACCHINA   PETTO     ;C;100;145;22;0,4;6,2;0;2,5;23;51;320;290;1;0,08;0,13;11;0;0,81;9;0;0;0,3
TACCHINA ALA       ;C;75;241;22,3;0;16,9;0;2,5;27;70;320;257;1,8;0,11;0,27;4,6;0;0,55;16;0;0,01;0,4
TACCHINA COSCIA       ;C;87;253;20,9;0,4;18,7;0;2,5;27;81;310;257;3,1;0,11;0,27;4,6;0;0,35;28;0;0;0,4
TACCHINO   INTERO     ;C;75;146;21;0,1;6,8;0;3,1;23;66;315;287;1,8;0,13;0,11;8;0;0,55;16;7;0,01;0,4
TACCHINO ALA       ;C;75;193;22,3;0;11,5;0;2,5;23;70;320;257;1,8;0,11;0,14;7,5;0;0,55;16;0;0,01;0,4
TACCHINO COSCIA       ;C;87;186;20,9;0,4;11,2;0;2,5;23;81;310;257;3,1;0,11;0,14;7,1;0;0,35;28;0;0;0,4
TACCHINO PETTO       ;C;100;134;22;0,4;4,9;0;2,5;23;51;320;290;1;0,08;0,13;0,8;0;0,81;9;0;0;0,3
TALEGGIO        ;FO;100;306;20,6;0;24,8;0;0,6;562;1153;121;310;2;0,05;0,52;1;0;0,22;102;230;0,65;0,18
TAMARI salsa di soia     ;A;100;60;10,5;4,8;0,1;0,8;2,4;20;5586;212;130;0,4;0,06;0,15;4;0;0,2;18;0;0;0
TAPIOCA        ;CR;100;363;0,6;95,8;0,2;0,4;1;12;4;20;12;0,1;0;0,1;0;0;0;0;0;0;0
TARTUFO NERO       ;A;79;31;6;0,7;0,5;8,5;3,5;24;55;368;62;3,8;0,05;0,09;2;1;0,18;44;0;0,12;0
TE' DETEINATO, in foglie     ;D;100;108;19,6;3;2;0;15,2;430;45;2160;630;3;0,14;1,2;7,5;0;0,25;3;0;0;0
TE' DETEINATO, in tazza     ;D;100;0;0,1;0;0;0;0;0;0;27;2;0;0;0,02;0;0;0;3;0;0;0
TE' in foglie      ;D;100;108;19,6;3;2;44,7;15,2;430;45;2160;630;3;0,14;1,2;7,5;0;0,25;3;0;0;0
TE' in tazza      ;D;100;0;0,1;0;0;0;0;0;0;27;2;0;0;0,02;0;0;0;3;0;0;0
TEMPEH        ;V;100;166;20,7;6,4;6,4;4,1;3,6;120;6;370;200;1,8;0,19;0,48;3,2;0;1,86;76;0;0;0
TIMO   fresco     ;A;100;95;3;15,1;2,5;12,3;41,2;630;18;270;67;2,1;0,16;0,22;1,6;0;0,31;40;0;1,7;0
TIMO secco macinato      ;A;100;276;9,1;45,3;7,4;18,6;123,6;1890;55;810;200;6,2;0,51;0,4;4,9;0;0,38;0;0;9,15;0
TINCA        ;P;55;76;17,9;0;0,5;0;1;31;80;245;218;0,5;0,06;0,15;2,9;0;0,19;15;18;0,63;10,6
TIRAMISU'        ;DO;100;411;13,2;33,5;25,8;7,5;4,6;55;303;460;288;2,4;0,07;0,23;0,6;0;0,07;27;133;1,02;0,6
TISANA IN TAZZA      ;D;100;1;0;0,2;0;0;0,1;2;0;9;0;0;0,01;0;0;0;0;1;0;0;0
TOFU        ;V;100;76;8,1;0,7;4,8;1,2;5,4;105;7;121;97;0,8;0,08;0,05;1,2;0;0,05;15;0;0,01;0
TONNO        ;P;90;158;21,5;0;8;0;1,3;38;43;520;264;0,5;0,2;0,12;8,5;0;0,49;20;450;0,55;16,3
TONNO IN SALAMOIA, SGOCCIOLATO     ;PC;100;103;25,1;0;0,3;0;1;8;320;230;170;0,7;0,06;0,09;10;0;0,47;4;65;0,28;2
TONNO SOTT'OLIO, SGOCCIOLATO      ;PC;100;258;22,8;0;18,5;0;1,9;8;361;343;234;0,3;0,05;0,12;11,9;0;0,44;15;16;5,55;4,88
TORDO  ;P;58;143;20,1;0;7,7;0;7,2;13;168;132;200;1,2;0,1;0,1;4,6;0;0,35;28;0;0;0,4
TORRONE CON MANDORLE      ;DO;100;479;10,8;52;26,8;1,9;3,5;80;19;466;265;1,8;0,16;0,25;1,2;0;0,08;26;0;12,38;0
TORTA AL CIOCCOLATO      ;DO;100;315;4,9;36,8;17,5;3,6;2;29;103;199;125;0,9;0,14;0,21;1,1;0;0,04;10;38;1,59;0,23
TORTA MARGHERITA       ;DO;100;368;8,9;63,6;10,4;1;2,8;9;350;82;121;0,7;0;0,12;0,5;0;0,06;10;0;2,61;2,8
TORTELLINI freschi       ;PS;100;310;12,2;52,6;7,1;1,3;1,6;146;264;190;236;2,3;0,21;0,15;1,8;0;0,22;25;96;0,56;0,7
TORTELLINI secchi       ;PS;100;389;15,7;61;10,8;2;2,5;224;405;291;362;3,6;0,32;0,22;2,8;0;0,34;38;147;0,86;1,08
TRIGLIA        ;P;60;123;15,8;1,1;6,2;0;1,1;21;91;340;218;0,3;0,07;0,07;4,2;0;0,42;11;9;0,83;1,31
TROTA        ;P;55;86;14,7;0;3;0;1;14;40;465;220;0,9;0,08;0,06;3;0;0,2;13;0;0,2;10,6
UOVO DI ANATRA      ;U;88;190;12,2;0,7;15,4;0;2,8;57;122;129;195;1,4;0,15;0,3;0,1;0;0,25;80;341;0,83;6,52
UOVO DI GALLINA, ALBUME     ;U;100;47;10,9;0,8;0;0;0,1;9;190;150;15;0,1;0,02;0,27;0,1;0;0,02;13;0;0;0
UOVO DI GALLINA, INTERO     ;U;89;156;13;1;11,1;0;2,5;50;140;140;210;1,4;0,11;0,31;0,1;0;0,12;50;211;1,11;1,75
UOVO DI GALLINA, INTERO, IN POLVERE   ;U;100;574;47;4,1;41,2;0;8,7;187;520;480;800;5;0,33;1,2;0,2;0;0,46;190;806;4,28;6,75
UOVO DI GALLINA, TUORLO     ;U;100;355;16,3;0,7;31,9;0;6,1;147;50;120;586;3,6;0,27;0,35;0,1;0;0,3;130;607;3,11;4,94
UOVO DI OCA      ;U;87;189;13,8;1;14,4;0;2,6;52;138;210;200;1,3;0,1;0,3;0,1;0;0,24;76;318;0,74;5
UOVO DI TACCHINA      ;U;87;147;12,8;1;10,2;0;2,5;50;151;142;200;1,6;0,15;0,3;0,1;0;0,13;71;211;1,11;1,75
UVA ;F;94;61;0,5;15,6;0,1;1,5;0,4;27;1;192;4;0,1;0,03;0,03;0,1;6;0,1;2;0;0;0
UVA SULTANINA/UVETTA, UVA SECCA     ;F;100;283;1,9;72;0,6;6,8;3,3;78;52;864;29;0,1;0,12;0,08;0,3;0;0,25;27;0;1,05;0
VALERIANA        ;V;100;21;2;3,6;0,4;1,5;2,2;38;4;459;53;0,6;0,07;0,09;0,4;38;0,27;14;0;0,6;0
VANIGLIA estratto alcolico      ;D;100;288;0,1;12,7;0,1;0;0,1;11;9;148;6;0,1;0,01;0,1;0,4;0;0,03;0;0;0;0
VENTAGLIO O PETTINE      ;P;32;88;16,8;2,4;0,8;0;0,3;24;161;322;219;1;0,01;0,07;1,2;3;0,15;16;15;1;0
VERDURA E LEGUMI, SURGELATI     ;V;100;64;3,3;9,5;0,5;4;1;25;47;212;59;0,5;0,12;0,09;1,3;10;0,1;29;0;0,3;0
VERMOUTH DOLCE       ;D;100;151;0;15,9;0;0;0,4;6;28;30;6;0;0;0;0;0;0;0;0;0;0
VERMOUTH SECCO       ;D;100;109;0,1;3;0;0;0,3;7;11;34;6;0;0;0;0;0;0,01;0;0;0;0
VINO BIANCO       ;D;100;71;0,1;0,1;0;0;1;9;11;81;74;0;0,01;0,05;0;0;0,01;0;0;0;0
VINO ROSATO       ;D;100;71;0,1;2,5;0;0;1;12;4;75;6;0;0;0,01;0,1;0;0,02;0;0;0;0
VINO ROSSO       ;D;100;76;0,1;0,2;0;0;0,9;7;7;110;13;0,1;0;0,02;0,1;0;0,03;1;0;0;0
VITELLO   CARNE MAGRA    ;C;100;92;20,7;0,1;1;0;2,3;14;89;360;214;2,4;0,15;0,26;6,3;0;0,65;23;0;0,26;1,3
VITELLO CARNE SEMIGRASSA      ;C;100;144;20,3;0;7;0;0,8;9;83;260;170;3;0,06;0,14;5,9;0;0,49;14;0;0,17;1,2
VITELLO CORATELLA       ;C;100;103;17,1;1,6;3,2;0;15,5;11;115;352;244;2,3;0,34;1,21;7;31;0,29;113;4089;0,51;0,81
VITELLONE   CARNE SEMIGRASSA    ;C;100;160;19,1;0;9,3;0;2,1;10;51;330;172;3,6;0,1;0,12;4,2;0;0,54;16;0;0,15;0,5
VITELLONE CARNE GRASSA      ;C;100;204;18,1;0;14,6;0;2;10;51;330;168;3,9;0,07;0,11;4,7;0;0,37;14;0;0,17;0,5
VITELLONE CARNE MAGRA      ;C;100;113;21,3;0;3,1;0;2,3;11;89;360;175;5,7;0,1;0,17;4,3;0;0,45;5;0;0,2;0,8
VITELLONE tagli di carne grassa    ;C;100;155;20,2;0;8,3;0;1,7;6;55;315;180;3,8;0,07;0,27;3,9;0;0,42;53;0;0,09;0,5
VITELLONE tagli di carne magra    ;C;100;108;21,3;0;2,8;0;1,8;4;51;340;220;2,8;0,09;0,19;5,3;0;0,55;24;0;0,15;0,5
VITELLONE tagli di carne semigrassa    ;C;100;140;21,5;0;6,1;0;1,8;4;51;340;190;3,8;0,09;0,24;4,9;0;0,51;14;0;0,14;0,5
VODKA        ;D;100;222;0;0;0;0;0;0;1;1;5;0;0,01;0,01;0;0;0;0;0;0;0
VONGOLA        ;P;25;72;10,2;2,2;2,5;0;14;46;56;314;169;1,4;0,08;0,21;1,8;13;0,06;16;16;1;0
VONGOLE IN SCATOLA, AL NATURALE    ;P;100;148;25,6;5,1;2;0;28;92;112;628;338;2,7;0,15;0,43;3,4;22;0,11;29;171;1;0
WAKAME   secca     ;A;100;71;12,4;0;2,4;47,1;11,6;660;3220;220;310;1,7;0,11;0,14;4,6;15;0,01;196;0;1;0
WHISKY        ;D;100;238;0;0,1;0;0;0;0;0;0;5;0,1;0,01;0;0,1;0;0;0;0;0;0
WURSTEL        ;C;100;270;13,7;1,4;23,3;0;1,5;33;1916;338;130;3,9;0,15;0,3;2,7;0;0,03;1;0;0,25;0
WURSTEL DI POLLO      ;C;100;257;12,9;6,8;19,5;0;2;95;1370;84;107;1;0,07;0,12;3,1;0;0,32;4;38;0,22;0,1
WURSTEL DI TACCHINO      ;C;100;226;14,3;1,5;17,7;0;1,8;106;1426;179;134;3,1;0,04;0,18;4,1;0;0,23;8;0;0,62;0,2
YOGURT DI LATTE INTERO     ;Y;100;63;3,5;3,6;3,9;0;0,1;111;48;150;87;0,5;0,03;0,16;0,1;1;0,1;18;26;0,05;0,04
YOGURT DI LATTE INTERO AI CEREALI E MALTO ;Y;100;95;3,5;12,9;3,6;0,2;0,3;104;44;140;81;0,5;0,08;0,22;0,9;1;0,18;29;23;0,07;0,04
YOGURT DI LATTE INTERO ALLA FRUTTA   ;Y;100;88;2,8;12,6;3,3;0,2;0,1;111;48;150;87;0,5;0,03;0,16;0,1;1;0,07;10;30;0,05;0,04
YOGURT DI LATTE MAGRO ALLA FRUTTA   ;Y;100;90;4,1;17,9;0,7;0,2;0,1;150;64;210;120;0,5;0,05;0,21;0,1;1;0,08;16;10;0,01;0,01
YOGURT DI LATTE PARZIALMENTE SCREMATO    ;Y;100;43;3,4;3,8;1,7;0;0,1;120;45;149;94;0,6;0,04;0,18;0,1;1;0,09;17;10;0,01;0,01
YOGURT DI LATTE SCREMATO     ;Y;100;36;3,3;4;0,9;0;0,1;94;58;185;74;0,6;0,03;0,14;0;1;0,09;17;12;0,01;0,01
ZAFFERANO        ;A;100;310;11,4;61,5;5,9;3,9;11,1;110;150;1720;250;1,1;0,12;0,27;1,5;0;1,3;0;0;1,69;0
ZAMPONE        ;C;100;360;19,1;0;31,6;0;2,1;20;1375;186;170;4,3;0,26;0,21;3;0;0,14;8;0;1,17;0,9
ZUCCA GIALLA       ;V;81;18;1,1;3,5;0,1;0,5;0,9;20;1;202;40;0,2;0,03;0,02;0,5;9;0,02;10;0;1,06;0
ZUCCHERO (Saccarosio)       ;A;100;392;0;104,5;0;0;0,3;1;1;2;0;0,1;0;0;0;0;0;0;0;0;0
ZUCCHERO DI CANNA, GREZZO     ;A;100;362;0,1;101,3;0;0;1,7;56;31;140;4;0,1;0;0;0;0;0;0;0;0;0
ZUCCHINE ;V;88;11;1,3;1,4;0,1;1,3;0,5;21;1;210;65;0,2;0,08;0,12;0,7;11;0,15;52;0;1,06;0
